claim_id,track,topic,claim,evidence_class,confidence,population,competitive_level,sex,age_range,study_design,sample_size,effect_or_estimate,boxing_specific,transfer_status,limitations,source_type,citation,doi_or_pmid,url,verification,ppbf_implication,tbd_flag,agent,independent_verification_status,independent_verification_detail,verified_title,track_name,title_consistency_check
PS-001,,,"In boxers performing a hard training session, session-RPE measured at 10 minutes (5.7 ± 1.0 AU) did not significantly differ from session-RPE measured at 30 minutes (5.8 ± 1.9 AU), despite %HRR of 88.1 ± 6.3 (10 min) vs. 83.3 ± 8.0 (30 min) and ∆Blood lactate of 146.3 ± 87.9% (10 min) vs. 91.6 ± 39% (30 min).",STRONG EVIDENCE-SUPPORTED INFERENCE,moderate,Eight boxers,,,,"Matched-pairs, randomized research design",,"10 minutes: session-RPE = 5.7 ± 1.0 AU, %HRR = 88.1 ± 6.3, ∆Blood lactate = 146.3 ± 87.9%; 30 minutes: session-RPE = 5.8 ± 1.9 AU, %HRR = 83.3 ± 8.0, ∆Blood lactate = 91.6 ± 39%",YES,boxing-specific — direct,NONE STATED,peer-reviewed journal article,Does the Timing of Measurement Alter Session-RPE in Boxers? Journal of sports science & medicine ({'ye).,PMID 24570606,,"Full text supplied by user (Penn State Library). Parsed text extraction 2026-08-08; PMID 24570606 independently resolved via PubMed, title match 1.00; every numeric value verified present in the source text.",,,PS,RESOLVED,PMID 24570606,Does the Timing of Measurement Alter Session-RPE in Boxers?,Penn State full-text extraction,
PS-002,,,"In boxers performing a moderate training session, session-RPE measured at 10 minutes (2.7 ± 1.6 AU) did not significantly differ from session-RPE measured at 30 minutes (2.5 ± 0.9 AU), with %HRR of 67.2 ± 10.8 (10 min) vs. 67.2 ± 5.9 (30 min) and ∆Blood lactate of 2.2 ± 19% (10 min) vs. 24.5 ± 17.1% (30 min).",STRONG EVIDENCE-SUPPORTED INFERENCE,moderate,Eight boxers,,,,"Matched-pairs, randomized research design",,"10 minutes: session-RPE = 2.7 ± 1.6 AU, %HRR = 67.2 ± 10.8, ∆Blood lactate = 2.2 ± 19%; 30 minutes: session-RPE = 2.5 ± 0.9 AU, %HRR = 67.2 ± 5.9, ∆Blood lactate = 24.5 ± 17.1%",YES,boxing-specific — direct,NONE STATED,peer-reviewed journal article,Does the Timing of Measurement Alter Session-RPE in Boxers? Journal of sports science & medicine ({'ye).,PMID 24570606,,"Full text supplied by user (Penn State Library). Parsed text extraction 2026-08-08; PMID 24570606 independently resolved via PubMed, title match 1.00; every numeric value verified present in the source text.",,,PS,RESOLVED,PMID 24570606,Does the Timing of Measurement Alter Session-RPE in Boxers?,Penn State full-text extraction,
PS-003,,,"In boxers performing an easy training session, session-RPE measured at 10 minutes (1.3 ± 1.0 AU) did not significantly differ from session-RPE measured at 30 minutes (1.7 ± 1.0 AU), with %HRR of 49.5 ± 11.1 (10 min) vs. 51.3 ± 10.8 (30 min) and ∆Blood lactate of -2",STRONG EVIDENCE-SUPPORTED INFERENCE,moderate,,,,,,,,NO,transferred from other sport/population,,peer-reviewed journal article,Does the Timing of Measurement Alter Session-RPE in Boxers? Journal of sports science & medicine ({'ye).,PMID 24570606,,"Full text supplied by user (Penn State Library). Parsed text extraction 2026-08-08; PMID 24570606 independently resolved via PubMed, title match 1.00; every numeric value verified present in the source text.",,,PS,RESOLVED,PMID 24570606,Does the Timing of Measurement Alter Session-RPE in Boxers?,Penn State full-text extraction,
PS-004,,,"Blood lactate concentration was significantly higher in the pad trial (2.7 ± 0.8 mmol·L⁻¹) than the bag trial (2.3 ± 0.9 mmol·L⁻¹), increasing significantly across rounds.",STRONG EVIDENCE-SUPPORTED INFERENCE,moderate,"14 male elite amateur boxers, age 22 ± 2 years, height 176.9 ± 7.3 cm, body mass 78.8 ± 8.7 kg, V̇O2max 55.94 ± 5.96 ml·kg⁻¹·min⁻¹",,,,NONE STATED (comparison of two trials — pad routine vs. punch bag routine — using the Boxing-Specific Exercise Protocol; specific design term not stated in this text),,pad = 2.7 ± 0.8 mmol·L⁻¹; bag = 2.3 ± 0.9 mmol·L⁻¹,YES,boxing-specific — direct,NONE STATED,peer-reviewed journal article,Physical Response to Pad- and Bag-Based Boxing-Specific Training Modalities. Journal of strength and conditioning researc ({'ye).,PMID 30358696 | DOI 10.1519/JSC.0000000000002928,,"Full text supplied by user (Penn State Library). Parsed text extraction 2026-08-08; PMID 30358696 independently resolved via PubMed, title match 1.00; every numeric value verified present in the source text.",,,PS,RESOLVED,PMID 30358696 | DOI 10.1519/JSC.0000000000002928,Physical Response to Pad- and Bag-Based Boxing-Specific Training Modalities.,Penn State full-text extraction,
PS-005,,,"Average heart rate and average oxygen consumption were higher in the pad trial than the bag trial (HRave: pad = 160 ± 9 b·min⁻¹, bag = 150 ± 16 b·min⁻¹; V̇O2ave: pad = 38.00 ± 0.31 ml·kg⁻¹·min⁻¹, bag = 34.40 ± 1.06 ml·kg⁻¹·min⁻¹).",STRONG EVIDENCE-SUPPORTED INFERENCE,moderate,"14 male elite amateur boxers, age 22 ± 2 years, height 176.9 ± 7.3 cm, body mass 78.8 ± 8.7 kg, V̇O2max 55.94 ± 5.96 ml·kg⁻¹·min⁻¹",,,,NONE STATED,,"HRave: pad = 160 ± 9 b·min⁻¹, bag = 150 ± 16 b·min⁻¹; V̇O2ave: pad = 38.00 ± 0.31 ml·kg⁻¹·min⁻¹, bag = 34.40 ± 1.06 ml·kg⁻¹·min⁻¹",YES,boxing-specific — direct,NONE STATED,peer-reviewed journal article,Physical Response to Pad- and Bag-Based Boxing-Specific Training Modalities. Journal of strength and conditioning researc ({'ye).,PMID 30358696 | DOI 10.1519/JSC.0000000000002928,,"Full text supplied by user (Penn State Library). Parsed text extraction 2026-08-08; PMID 30358696 independently resolved via PubMed, title match 1.00; every numeric value verified present in the source text.",,,PS,RESOLVED,PMID 30358696 | DOI 10.1519/JSC.0000000000002928,Physical Response to Pad- and Bag-Based Boxing-Specific Training Modalities.,Penn State full-text extraction,
PS-006,,,"The triaxial (PLTotal) and medial-lateral (PLML) PlayerLoad metrics were higher in the punch bag trial than the pad trial, with a main effect for time for all PlayerLoad metrics, and PLTotal, PLML, and vertical PlayerLoad were significantly higher in the lumbar region than the cervical region.",STRONG EVIDENCE-SUPPORTED INFERENCE,moderate,,,,,,,,NO,transferred from other sport/population,,peer-reviewed journal article,Physical Response to Pad- and Bag-Based Boxing-Specific Training Modalities. Journal of strength and conditioning researc ({'ye).,PMID 30358696 | DOI 10.1519/JSC.0000000000002928,,"Full text supplied by user (Penn State Library). Parsed text extraction 2026-08-08; PMID 30358696 independently resolved via PubMed, title match 1.00; every numeric value verified present in the source text.",,,PS,RESOLVED,PMID 30358696 | DOI 10.1519/JSC.0000000000002928,Physical Response to Pad- and Bag-Based Boxing-Specific Training Modalities.,Penn State full-text extraction,
PS-007,,,"Both isometric (ISO) and elastic resistance (ER) conditioning activities, but not the control trial, produced small worthwhile increases in punch force (effect size ≥ 0.20, equal to or greater than the smallest worthwhile change).",STRONG EVIDENCE-SUPPORTED INFERENCE,moderate,10 male senior elite amateur boxers,,,,"Boxers performed conditioning activities (ISO punch, ER punch, control) on 3 separate occasions before a boxing-specific simulation protocol",,effect size ≥ 0.20 (equal to or greater than the smallest worthwhile change),YES,boxing-specific — direct,NONE STATED,peer-reviewed journal article,"Post-Activation Performance Enhancement of Punch Force and Neuromuscular Performance in Amateur Boxing: Toward a More Individualized and ""Real-World""  Journal of strength and conditioning researc ({'ye).",PMID 38349345 | DOI 10.1519/JSC.0000000000004740,,"Full text supplied by user (Penn State Library). Parsed text extraction 2026-08-08; PMID 38349345 independently resolved via PubMed, title match 1.00; every numeric value verified present in the source text.",,,PS,RESOLVED,PMID 38349345 | DOI 10.1519/JSC.0000000000004740,"Post-Activation Performance Enhancement of Punch Force and Neuromuscular Performance in Amateur Boxing: Toward a More Individualized and ""Real-World"" ",Penn State full-text extraction,
PS-008,,,Worthwhile increases in rate of force development (RFD) were limited to the cross during the ISO trial.,STRONG EVIDENCE-SUPPORTED INFERENCE,moderate,10 male senior elite amateur boxers,,,,"Boxers performed conditioning activities (ISO punch, ER punch, control) on 3 separate occasions before a boxing-specific simulation protocol",,NONE STATED,YES,boxing-specific — direct,NONE STATED,peer-reviewed journal article,"Post-Activation Performance Enhancement of Punch Force and Neuromuscular Performance in Amateur Boxing: Toward a More Individualized and ""Real-World""  Journal of strength and conditioning researc ({'ye).",PMID 38349345 | DOI 10.1519/JSC.0000000000004740,,"Full text supplied by user (Penn State Library). Parsed text extraction 2026-08-08; PMID 38349345 independently resolved via PubMed, title match 1.00; every numeric value verified present in the source text.",,,PS,RESOLVED,PMID 38349345 | DOI 10.1519/JSC.0000000000004740,"Post-Activation Performance Enhancement of Punch Force and Neuromuscular Performance in Amateur Boxing: Toward a More Individualized and ""Real-World"" ",Penn State full-text extraction,
PS-009,,,"Individual analysis revealed that 6 boxers improved punch-specific performance to the greatest extent in the ISO trial, only 1 boxer did so in the ER trial, and 3 boxers exhibited similar performance increases across trials; no group-based improvements in countermovement jump (CMJ) performance were observed.",STRONG EVIDENCE-SUPPORTED INFERENCE,moderate,10 male senior elite amateur boxers,,,,"Boxers performed conditioning activities (ISO punch, ER punch, control) on 3 separate occasions before a boxing-specific simulation protocol, with CMJ and maximal punches measured at baseline, before round 1, after each round, and 4 minutes after the simulation",,"6 boxers (ISO), 1 boxer (ER), 3 boxers (similar across trials); no group-based improvements in CMJ",YES,boxing-specific — direct,NONE STATED,peer-reviewed journal article,"Post-Activation Performance Enhancement of Punch Force and Neuromuscular Performance in Amateur Boxing: Toward a More Individualized and ""Real-World""  Journal of strength and conditioning researc ({'ye).",PMID 38349345 | DOI 10.1519/JSC.0000000000004740,,"Full text supplied by user (Penn State Library). Parsed text extraction 2026-08-08; PMID 38349345 independently resolved via PubMed, title match 1.00; every numeric value verified present in the source text.",,,PS,RESOLVED,PMID 38349345 | DOI 10.1519/JSC.0000000000004740,"Post-Activation Performance Enhancement of Punch Force and Neuromuscular Performance in Amateur Boxing: Toward a More Individualized and ""Real-World"" ",Penn State full-text extraction,
PS-010,,,"Peak punch force was significantly and moderately correlated with body mass, and significantly related to forces measured in the countermovement jump (CMJ) and isometric midthigh pull (IMTP) tests, showing a moderate to strong positive correlation with lower-body strength.",STRONG EVIDENCE-SUPPORTED INFERENCE,moderate,28 highly trained male amateur boxers,,,,"Correlation and regression analyses (cross-sectional study using a 3-minute maximal effort punch test with a custom-built punch integrator, alongside countermovement bench throw, isometric bench push, CMJ, and IMTP tests)",,"NONE STATED (text states relationships were ""significant (p < 0.05)"" and ""moderately and significantly correlated"" and ""moderate to strong positive and significant correlation"" but no exact correlation coefficients are given in this excerpt)",YES,boxing-specific — direct,NONE STATED,peer-reviewed journal article,Relationships Between Punch Impact Force and Upper- and Lower-Body Muscular Strength and Power in Highly Trained Amateur Boxers. Journal of strength and conditioning researc ({'ye).,PMID 32218063 | DOI 10.1519/JSC.0000000000003585,,"Full text supplied by user (Penn State Library). Parsed text extraction 2026-08-08; PMID 32218063 independently resolved via PubMed, title match 1.00; every numeric value verified present in the source text.",,,PS,RESOLVED,PMID 32218063 | DOI 10.1519/JSC.0000000000003585,Relationships Between Punch Impact Force and Upper- and Lower-Body Muscular Strength and Power in Highly Trained Amateur Boxers.,Penn State full-text extraction,
PS-011,,,"Rate of force development (RFD) in the lower body was not significantly correlated to peak punch force, and no meaningful relationships were found between punch performance characteristics and any upper-body strength or power parameter.",STRONG EVIDENCE-SUPPORTED INFERENCE,moderate,28 highly trained male amateur boxers,,,,"Correlation and regression analyses (cross-sectional study using a 3-minute maximal effort punch test with a custom-built punch integrator, alongside countermovement bench throw, isometric bench push, CMJ, and IMTP tests)",,NONE STATED,YES,boxing-specific — direct,NONE STATED,peer-reviewed journal article,Relationships Between Punch Impact Force and Upper- and Lower-Body Muscular Strength and Power in Highly Trained Amateur Boxers. Journal of strength and conditioning researc ({'ye).,PMID 32218063 | DOI 10.1519/JSC.0000000000003585,,"Full text supplied by user (Penn State Library). Parsed text extraction 2026-08-08; PMID 32218063 independently resolved via PubMed, title match 1.00; every numeric value verified present in the source text.",,,PS,RESOLVED,PMID 32218063 | DOI 10.1519/JSC.0000000000003585,Relationships Between Punch Impact Force and Upper- and Lower-Body Muscular Strength and Power in Highly Trained Amateur Boxers.,Penn State full-text extraction,
PS-012,,,"Four weeks of sport-specific repeated sprint (all-out punching) training increased peak oxygen consumption and peak power during progressive arm cranking in the experimental group (EG), with no changes in the control group (CG).",STRONG EVIDENCE-SUPPORTED INFERENCE,moderate,"18 experienced male amateur boxers, divided into EG (n=9) and CG (n=9)",,,,"4-week training study with experimental and control groups; both groups completed standard low-intensity training, EG additionally performed 3 rounds of 14 sets of 3-second all-out punching with 10-second rest 3 times/week, CG performed same rounds at low intensity",,NONE STATED (abstract states increases occurred but gives no specific numeric values),YES,boxing-specific — direct,NONE STATED,peer-reviewed journal article,Sport-Specific Repeated Sprint Training Improves Punching Ability and Upper-Body Aerobic Power in Experienced Amateur Boxers. Journal of strength and conditioning researc ({'ye).,PMID 28800004 | DOI 10.1519/JSC.0000000000002056,,"Full text supplied by user (Penn State Library). Parsed text extraction 2026-08-08; PMID 28800004 independently resolved via PubMed, title match 1.00; every numeric value verified present in the source text.",,,PS,RESOLVED,PMID 28800004 | DOI 10.1519/JSC.0000000000002056,Sport-Specific Repeated Sprint Training Improves Punching Ability and Upper-Body Aerobic Power in Experienced Amateur Boxers.,Penn State full-text extraction,
PS-013,,,"In the EG, punching force increased and maintenance of punching frequency and punch force improved during the simulated fight, resulting in greater cumulative force throughout the 3 rounds.",STRONG EVIDENCE-SUPPORTED INFERENCE,moderate,"18 experienced male amateur boxers, divided into EG (n=9) and CG (n=9)",,,,"4-week training study with experimental and control groups, measured via 3 rounds of 14 sets of 3-second all-out punching on a bag ergometer with 10-second rest, before and after training",,NONE STATED (abstract describes direction of change but gives no specific numeric values),YES,boxing-specific — direct,NONE STATED,peer-reviewed journal article,Sport-Specific Repeated Sprint Training Improves Punching Ability and Upper-Body Aerobic Power in Experienced Amateur Boxers. Journal of strength and conditioning researc ({'ye).,PMID 28800004 | DOI 10.1519/JSC.0000000000002056,,"Full text supplied by user (Penn State Library). Parsed text extraction 2026-08-08; PMID 28800004 independently resolved via PubMed, title match 1.00; every numeric value verified present in the source text.",,,PS,RESOLVED,PMID 28800004 | DOI 10.1519/JSC.0000000000002056,Sport-Specific Repeated Sprint Training Improves Punching Ability and Upper-Body Aerobic Power in Experienced Amateur Boxers.,Penn State full-text extraction,
PS-014,,,One month of all-out punching training (3 sessions per week with approximately 2 minutes of all-out punching per session) improved both upper-body aerobic power and punching abilities in experienced amateur boxers.,STRONG EVIDENCE-SUPPORTED INFERENCE,moderate,"18 experienced male amateur boxers, divided into EG (n=9) and CG (n=9)",,,,4-week (1 month) training study comparing experimental group (sport-specific all-out punching training added to standard low-intensity training) vs control group (low-intensity simulated fight rounds),,"NONE STATED (described qualitatively as ""~2 minutes of all-out punching per session""; no outcome magnitude given)",YES,boxing-specific — direct,NONE STATED,peer-reviewed journal article,Sport-Specific Repeated Sprint Training Improves Punching Ability and Upper-Body Aerobic Power in Experienced Amateur Boxers. Journal of strength and conditioning researc ({'ye).,PMID 28800004 | DOI 10.1519/JSC.0000000000002056,,"Full text supplied by user (Penn State Library). Parsed text extraction 2026-08-08; PMID 28800004 independently resolved via PubMed, title match 1.00; every numeric value verified present in the source text.",,,PS,RESOLVED,PMID 28800004 | DOI 10.1519/JSC.0000000000002056,Sport-Specific Repeated Sprint Training Improves Punching Ability and Upper-Body Aerobic Power in Experienced Amateur Boxers.,Penn State full-text extraction,
PS-015,,,Correlations between strength/power variables and punching impact indices ranged between 0.67 and 0.85.,STRONG EVIDENCE-SUPPORTED INFERENCE,moderate,15 amateur boxers from the Brazilian National Team (9 men and 6 women).,,,,NONE STATED,,r = 0.67–0.85,YES,boxing-specific — direct,NONE STATED,peer-reviewed journal article,Strength and Power Qualities Are Highly Associated With Punching Impact in Elite Amateur Boxers. Journal of strength and conditioning researc ({'ye).,PMID 26110348 | DOI 10.1519/JSC.0000000000001075,,"Full text supplied by user (Penn State Library). Parsed text extraction 2026-08-08; PMID 26110348 independently resolved via PubMed, title match 1.00; every numeric value verified present in the source text.",,,PS,RESOLVED,PMID 26110348 | DOI 10.1519/JSC.0000000000001075,Strength and Power Qualities Are Highly Associated With Punching Impact in Elite Amateur Boxers.,Penn State full-text extraction,
PS-016,,,Punching impact was higher for males compared with females (p ≤ 0.05).,STRONG EVIDENCE-SUPPORTED INFERENCE,moderate,15 amateur boxers from the Brazilian National Team (9 men and 6 women).,,,,NONE STATED,,p ≤ 0.05,YES,boxing-specific — direct,NONE STATED,peer-reviewed journal article,Strength and Power Qualities Are Highly Associated With Punching Impact in Elite Amateur Boxers. Journal of strength and conditioning researc ({'ye).,PMID 26110348 | DOI 10.1519/JSC.0000000000001075,,"Full text supplied by user (Penn State Library). Parsed text extraction 2026-08-08; PMID 26110348 independently resolved via PubMed, title match 1.00; every numeric value verified present in the source text.",,,PS,RESOLVED,PMID 26110348 | DOI 10.1519/JSC.0000000000001075,Strength and Power Qualities Are Highly Associated With Punching Impact in Elite Amateur Boxers.,Penn State full-text extraction,
PS-017,,,The self-selected distance resulted in higher impact in the jab technique compared with the fixed distance (p ≤ 0.05).,STRONG EVIDENCE-SUPPORTED INFERENCE,moderate,15 amateur boxers from the Brazilian National Team (9 men and 6 women).,,,,NONE STATED,,p ≤ 0.05,YES,boxing-specific — direct,NONE STATED,peer-reviewed journal article,Strength and Power Qualities Are Highly Associated With Punching Impact in Elite Amateur Boxers. Journal of strength and conditioning researc ({'ye).,PMID 26110348 | DOI 10.1519/JSC.0000000000001075,,"Full text supplied by user (Penn State Library). Parsed text extraction 2026-08-08; PMID 26110348 independently resolved via PubMed, title match 1.00; every numeric value verified present in the source text.",,,PS,RESOLVED,PMID 26110348 | DOI 10.1519/JSC.0000000000001075,Strength and Power Qualities Are Highly Associated With Punching Impact in Elite Amateur Boxers.,Penn State full-text extraction,
PS-018,,,"The majority of practitioners (72–88%) implemented strength training to improve ""punching power"" and muscular endurance and to reduce the likelihood of injury.",STRONG EVIDENCE-SUPPORTED INFERENCE,moderate,"72 trainers or support staff working in amateur or professional boxing (sex, level, age: NONE STATED)",,,,"Online survey comprising 7 sections, with frequency analysis used for fixed-response questions and thematic analysis applied to 1 open-ended question",,72–88%,"NO (trainers/support staff surveyed, not boxers themselves)",transferred from other sport/population,NONE STATED,peer-reviewed journal article,Strength Training Practices in Amateur and Professional Boxing. Journal of strength and conditioning researc ({'ye).,PMID 40403184 | DOI 10.1519/JSC.0000000000005088,,"Full text supplied by user (Penn State Library). Parsed text extraction 2026-08-08; PMID 40403184 independently resolved via PubMed, title match 1.00; every numeric value verified present in the source text.",,,PS,RESOLVED,PMID 40403184 | DOI 10.1519/JSC.0000000000005088,Strength Training Practices in Amateur and Professional Boxing.,Penn State full-text extraction,
PS-019,,,"Practitioners used punch-specific and reactive-strength training the most in programming (93%), while acknowledging that maximal-strength training improves ""punching power"" (84%), yet programmed maximal-strength training the least.",STRONG EVIDENCE-SUPPORTED INFERENCE,moderate,"72 trainers or support staff working in amateur or professional boxing (sex, level, age: NONE STATED)",,,,"Online survey comprising 7 sections, with frequency analysis used for fixed-response questions and thematic analysis applied to 1 open-ended question",,93%; 84%,"NO (trainers/support staff surveyed, not boxers themselves)",transferred from other sport/population,NONE STATED,peer-reviewed journal article,Strength Training Practices in Amateur and Professional Boxing. Journal of strength and conditioning researc ({'ye).,PMID 40403184 | DOI 10.1519/JSC.0000000000005088,,"Full text supplied by user (Penn State Library). Parsed text extraction 2026-08-08; PMID 40403184 independently resolved via PubMed, title match 1.00; every numeric value verified present in the source text.",,,PS,RESOLVED,PMID 40403184 | DOI 10.1519/JSC.0000000000005088,Strength Training Practices in Amateur and Professional Boxing.,Penn State full-text extraction,
PS-020,,,"There is a large contingent of volunteer practitioners in boxing without professional S&C or sport science accreditations (78%), and practitioners cited a fear that maximal-strength training may lead to unwanted increases in muscle mass, along with a lack of resources, as reasons maximal-strength training is not used.",STRONG EVIDENCE-SUPPORTED INFERENCE,moderate,"72 trainers or support staff working in amateur or professional boxing (sex, level, age: NONE STATED)",,,,"Online survey comprising 7 sections, with frequency analysis used for fixed-response questions and thematic analysis applied to 1 open-ended question",,78%,"NO (trainers/support staff surveyed, not boxers themselves)",transferred from other sport/population,NONE STATED,peer-reviewed journal article,Strength Training Practices in Amateur and Professional Boxing. Journal of strength and conditioning researc ({'ye).,PMID 40403184 | DOI 10.1519/JSC.0000000000005088,,"Full text supplied by user (Penn State Library). Parsed text extraction 2026-08-08; PMID 40403184 independently resolved via PubMed, title match 1.00; every numeric value verified present in the source text.",,,PS,RESOLVED,PMID 40403184 | DOI 10.1519/JSC.0000000000005088,Strength Training Practices in Amateur and Professional Boxing.,Penn State full-text extraction,
PS-021,,,"A short-term (1 week) optimum power load training program increased punching impact forces by ~8%, jump squat power output by ~12%, and half-squat power output by ~14%, but did not meaningfully increase bench press power output.",STRONG EVIDENCE-SUPPORTED INFERENCE,moderate,"Eight elite boxing athletes from the Brazilian National team (n=8; sex, age not stated in this excerpt)",,,,"Pre-training and post-training test comparison across 3 power-oriented training sessions performed at the optimum power load (OPL), using magnitude-based differences",,~8% increase in punching impact forces; ~12% increase in jump squat power output; ~14% increase in half-squat power output; no meaningful increase in bench press power output,YES,boxing-specific — direct,NONE STATED,peer-reviewed journal article,Transference Effect of Short-Term Optimum Power Load Training on the Punching Impact of Elite Boxers. Journal of strength and conditioning researc ({'ye).,PMID 31009434 | DOI 10.1519/JSC.0000000000003165,,"Full text supplied by user (Penn State Library). Parsed text extraction 2026-08-08; PMID 31009434 independently resolved via PubMed, title match 1.00; every numeric value verified present in the source text.",,,PS,RESOLVED,PMID 31009434 | DOI 10.1519/JSC.0000000000003165,Transference Effect of Short-Term Optimum Power Load Training on the Punching Impact of Elite Boxers.,Penn State full-text extraction,
PS-022,,,"There was an effective transference (transfer effect coefficient, TEC ≈ 0.80) of jump squat and half-squat performance gains to punching impact force, suggesting increases in lower-limb power can be directly transferred to punching impact.",STRONG EVIDENCE-SUPPORTED INFERENCE,moderate,"Eight elite boxing athletes from the Brazilian National team (n=8; sex, age not stated in this excerpt)",,,,"Transference effect coefficient calculated as the ratio between result gain in ""untrained exercises"" (punching impact in jabs and crosses) and ""trained exercises"" (half-squat, jump squat, and bench press), for variables with an effect size of at least 0.2",,TEC ≈ 0.80,YES,boxing-specific — direct,NONE STATED,peer-reviewed journal article,Transference Effect of Short-Term Optimum Power Load Training on the Punching Impact of Elite Boxers. Journal of strength and conditioning researc ({'ye).,PMID 31009434 | DOI 10.1519/JSC.0000000000003165,,"Full text supplied by user (Penn State Library). Parsed text extraction 2026-08-08; PMID 31009434 independently resolved via PubMed, title match 1.00; every numeric value verified present in the source text.",,,PS,RESOLVED,PMID 31009434 | DOI 10.1519/JSC.0000000000003165,Transference Effect of Short-Term Optimum Power Load Training on the Punching Impact of Elite Boxers.,Penn State full-text extraction,
PS-023,,,Standardized prefight warm-up routines produced a 4.8% increase in countermovement jump (CMJ) height alongside upward-rightward shifts in upper-body force-velocity and power-velocity curves (p ≤ 0.05).,STRONG EVIDENCE-SUPPORTED INFERENCE,moderate,"Six male boxers, elite Olympic amateur boxing athletes",,,,"NONE STATED (described as an evaluation of routine warm-up strategies with pre/post warm-up, during a 25-minute GAP, and after sparring measurements)",,4.8% increase in CMJ height (p ≤ 0.05),YES,boxing-specific — direct,NONE STATED,peer-reviewed journal article,Warm-up Practices in Elite Boxing Athletes: Impact on Power Output. Journal of strength and conditioning researc ({'ye).,PMID 27191695 | DOI 10.1519/JSC.0000000000001484,,"Full text supplied by user (Penn State Library). Parsed text extraction 2026-08-08; PMID 27191695 independently resolved via PubMed, title match 1.00; every numeric value verified present in the source text.",,,PS,RESOLVED,PMID 27191695 | DOI 10.1519/JSC.0000000000001484,Warm-up Practices in Elite Boxing Athletes: Impact on Power Output.,Penn State full-text extraction,
PS-024,,,"During the 25-minute inactive time gap (GAP) between warm-up and boxing activity, decreases in CMJ height and upper-body power output were observed after 15 minutes and 25 minutes of GAP (p ≤ 0.05), with all performance variables returning to pre–warm-up values by the end of GAP.",STRONG EVIDENCE-SUPPORTED INFERENCE,moderate,"Six male boxers, elite Olympic amateur boxing athletes",,,,NONE STATED,,Decreases in CMJ height and upper-body PO after 15 minutes and 25 minutes GAP (p ≤ 0.05); performance variables returned to pre–warm-up values by end of GAP,YES,boxing-specific — direct,NONE STATED,peer-reviewed journal article,Warm-up Practices in Elite Boxing Athletes: Impact on Power Output. Journal of strength and conditioning researc ({'ye).,PMID 27191695 | DOI 10.1519/JSC.0000000000001484,,"Full text supplied by user (Penn State Library). Parsed text extraction 2026-08-08; PMID 27191695 independently resolved via PubMed, title match 1.00; every numeric value verified present in the source text.",,,PS,RESOLVED,PMID 27191695 | DOI 10.1519/JSC.0000000000001484,Warm-up Practices in Elite Boxing Athletes: Impact on Power Output.,Penn State full-text extraction,
PS-025,,,"Reflected temperature (Tc), measured via high-resolution thermal images, showed a gradual and significant increase by the end of the 25-minute GAP period during which athletes remained inactive, suggesting heat loss.",STRONG EVIDENCE-SUPPORTED INFERENCE,moderate,"Six male boxers, elite Olympic amateur boxing athletes",,,,NONE STATED,,"Gradual and significant increase in Tc by end of GAP (statistical significance stated, numeric value NONE STATED)",YES,boxing-specific — direct,NONE STATED,peer-reviewed journal article,Warm-up Practices in Elite Boxing Athletes: Impact on Power Output. Journal of strength and conditioning researc ({'ye).,PMID 27191695 | DOI 10.1519/JSC.0000000000001484,,"Full text supplied by user (Penn State Library). Parsed text extraction 2026-08-08; PMID 27191695 independently resolved via PubMed, title match 1.00; every numeric value verified present in the source text.",,,PS,RESOLVED,PMID 27191695 | DOI 10.1519/JSC.0000000000001484,Warm-up Practices in Elite Boxing Athletes: Impact on Power Output.,Penn State full-text extraction,
PS-026,,,"Boxers demonstrated greater balance in right orientation control and left body orientation, while basketball players exhibited better balance in left anterior body orientation.",STRONG EVIDENCE-SUPPORTED INFERENCE,moderate,"University students who are basketball players and boxers, compared with a control group of individuals who do not engage in regular exercise; no n, sex, or age stated.",,,,"Comparative study using neurological evaluation, preliminary diagnostic tests, posturography, and V-HIT (Video Head Impulse Test) to assess vestibular/balance function in athlete groups vs. controls.",,NONE STATED,YES,boxing-specific — direct,NONE STATED,peer-reviewed journal article,Vestibular Assessment in University Students Participating in Boxing and Basketball. The Journal of craniofacial surgery ({'ye).,PMID 40888844 | DOI 10.1097/SCS.0000000000011624,,"Full text supplied by user (Penn State Library). Parsed text extraction 2026-08-08; PMID 40888844 independently resolved via PubMed, title match 1.00; every numeric value verified present in the source text.",,,PS,RESOLVED,PMID 40888844 | DOI 10.1097/SCS.0000000000011624,Vestibular Assessment in University Students Participating in Boxing and Basketball.,Penn State full-text extraction,
PS-027,,,No negative effects of impacts sustained during boxing and basketball,STRONG EVIDENCE-SUPPORTED INFERENCE,moderate,,,,,,,,NO,transferred from other sport/population,,peer-reviewed journal article,Vestibular Assessment in University Students Participating in Boxing and Basketball. The Journal of craniofacial surgery ({'ye).,PMID 40888844 | DOI 10.1097/SCS.0000000000011624,,"Full text supplied by user (Penn State Library). Parsed text extraction 2026-08-08; PMID 40888844 independently resolved via PubMed, title match 1.00; every numeric value verified present in the source text.",,,PS,RESOLVED,PMID 40888844 | DOI 10.1097/SCS.0000000000011624,Vestibular Assessment in University Students Participating in Boxing and Basketball.,Penn State full-text extraction,
PS-028,,,"A bodyweight conditioning activity produced a small overall effect of 0.30 (95% CI 0.14–0.46, p = 0.0003) in favor of improving a subsequent vertical jump or linear sprint performance compared with a control condition.",VERIFIED EVIDENCE,moderate,"Healthy, active adults (specific n, sex, and age not stated in this excerpt); 19 studies included overall.",,,,Systematic review and meta-analysis of randomized controlled trials.,,"0.30 (95% confidence interval 0.14–0.46, p = 0.0003)",NO,transferred from other sport/population,NONE STATED,peer-reviewed journal article,Postactivation Performance Enhancement in Healthy Adults Using a Bodyweight Conditioning Activity: A Systematic Review and Meta-analysis. Journal of strength and conditioning researc ({'ye).,PMID 36662121 | DOI 10.1519/JSC.0000000000004370,,"Full text supplied by user (Penn State Library). Parsed text extraction 2026-08-08; PMID 36662121 independently resolved via PubMed, title match 1.00; every numeric value verified present in the source text.",,,PS,RESOLVED,PMID 36662121 | DOI 10.1519/JSC.0000000000004370,Postactivation Performance Enhancement in Healthy Adults Using a Bodyweight Conditioning Activity: A Systematic Review and Meta-analysis.,Penn State full-text extraction,
PS-029,,,Secondary analysis found no difference in the effect of bodyweight conditioning activities between the vertical jump and sprint subgroups.,VERIFIED EVIDENCE,moderate,"Healthy, active adults (specific n, sex, and age not stated in this excerpt); drawn from the 19 included studies.",,,,Systematic review and meta-analysis of randomized controlled trials (secondary/subgroup analysis).,,NONE STATED,NO,transferred from other sport/population,NONE STATED,peer-reviewed journal article,Postactivation Performance Enhancement in Healthy Adults Using a Bodyweight Conditioning Activity: A Systematic Review and Meta-analysis. Journal of strength and conditioning researc ({'ye).,PMID 36662121 | DOI 10.1519/JSC.0000000000004370,,"Full text supplied by user (Penn State Library). Parsed text extraction 2026-08-08; PMID 36662121 independently resolved via PubMed, title match 1.00; every numeric value verified present in the source text.",,,PS,RESOLVED,PMID 36662121 | DOI 10.1519/JSC.0000000000004370,Postactivation Performance Enhancement in Healthy Adults Using a Bodyweight Conditioning Activity: A Systematic Review and Meta-analysis.,Penn State full-text extraction,
PS-030,,,"Secondary analysis found no difference in effect based on the time interval between intervention and outcome measurement (less than 5 minutes vs. 5 minutes or greater), nor based on whether the intervention used the same or different movements than the outcome task.",VERIFIED EVIDENCE,moderate,"Healthy, active adults (specific n, sex, and age not stated in this excerpt); drawn from the 19 included studies.",,,,Systematic review and meta-analysis of randomized controlled trials (secondary/subgroup analysis).,,NONE STATED,NO,transferred from other sport/population,NONE STATED,peer-reviewed journal article,Postactivation Performance Enhancement in Healthy Adults Using a Bodyweight Conditioning Activity: A Systematic Review and Meta-analysis. Journal of strength and conditioning researc ({'ye).,PMID 36662121 | DOI 10.1519/JSC.0000000000004370,,"Full text supplied by user (Penn State Library). Parsed text extraction 2026-08-08; PMID 36662121 independently resolved via PubMed, title match 1.00; every numeric value verified present in the source text.",,,PS,RESOLVED,PMID 36662121 | DOI 10.1519/JSC.0000000000004370,Postactivation Performance Enhancement in Healthy Adults Using a Bodyweight Conditioning Activity: A Systematic Review and Meta-analysis.,Penn State full-text extraction,
PS-031,,,"Three sets of 3–4 back-squat repetitions at 60, 90, and 90% 1RM significantly increased peak torque (p < 0.05) in all concentric and eccentric muscle actions and average power per repetition (p < 0.05) in all muscle actions except eccentric flexion during the localized (knee) isokinetic tests, with medium to large effect sizes.",STRONG EVIDENCE-SUPPORTED INFERENCE,moderate,"12 male basketball players, age 21.3 ± 3.2 years, body mass 89.6 ± 14.1 kg, height 187.4 ± 4.6 cm, 1RM back squat 113 ± 21 kg, ≥2 years resistance-training experience",,,,"Randomized order, within-subject, pre-test/post-test design with localized and nonlocalized protocols divided into 2 days",,Significant increase (p < 0.05) in PT for all CON and ECC actions; significant increase (p < 0.05) in APPR for all muscle actions except ECC flexion; effect sizes large (>0.8) and medium (0.4–0.79),NO,transferred from other sport/population,NONE STATED,peer-reviewed journal article,High-Intensity Conditioning Activity Causes Localized Postactivation Performance Enhancement and Nonlocalized Performance Reduction. Journal of strength and conditioning researc ({'ye).,PMID 38085631 | DOI 10.1519/JSC.0000000000004590,,"Full text supplied by user (Penn State Library). Parsed text extraction 2026-08-08; PMID 38085631 independently resolved via PubMed, title match 1.00; every numeric value verified present in the source text.",,,PS,RESOLVED,PMID 38085631 | DOI 10.1519/JSC.0000000000004590,High-Intensity Conditioning Activity Causes Localized Postactivation Performance Enhancement and Nonlocalized Performance Reduction.,Penn State full-text extraction,
PS-032,,,The same conditioning activity (back squat) significantly decreased peak torque (p < 0.01) and average power per repetition (p < 0.01) in the nonlocalized (elbow) isokinetic test specifically in eccentric flexion.,STRONG EVIDENCE-SUPPORTED INFERENCE,moderate,"12 male basketball players, age 21.3 ± 3.2 years, body mass 89.6 ± 14.1 kg, height 187.4 ± 4.6 cm, 1RM back squat 113 ± 21 kg, ≥2 years resistance-training experience",,,,"Randomized order, within-subject, pre-test/post-test design with localized and nonlocalized protocols divided into 2 days",,Significant decrease (p < 0.01) in PT and APPR (p < 0.01) in ECC flexion (nonlocalized),NO,transferred from other sport/population,NONE STATED,peer-reviewed journal article,High-Intensity Conditioning Activity Causes Localized Postactivation Performance Enhancement and Nonlocalized Performance Reduction. Journal of strength and conditioning researc ({'ye).,PMID 38085631 | DOI 10.1519/JSC.0000000000004590,,"Full text supplied by user (Penn State Library). Parsed text extraction 2026-08-08; PMID 38085631 independently resolved via PubMed, title match 1.00; every numeric value verified present in the source text.",,,PS,RESOLVED,PMID 38085631 | DOI 10.1519/JSC.0000000000004590,High-Intensity Conditioning Activity Causes Localized Postactivation Performance Enhancement and Nonlocalized Performance Reduction.,Penn State full-text extraction,
PS-033,,,Countermovement jump and explosive push-up take-off height showed no significant differences between pre- and post-measures following the conditioning activity.,STRONG EVIDENCE-SUPPORTED INFERENCE,moderate,"12 male basketball players, age 21.3 ± 3.2 years, body mass 89.6 ± 14.1 kg, height 187.4 ± 4.6 cm, 1RM back squat 113 ± 21 kg, ≥2 years resistance-training experience",,,,"Randomized order, within-subject, pre-test/post-test design with localized and nonlocalized protocols divided into 2 days EFFEC",,,NO,transferred from other sport/population,,peer-reviewed journal article,High-Intensity Conditioning Activity Causes Localized Postactivation Performance Enhancement and Nonlocalized Performance Reduction. Journal of strength and conditioning researc ({'ye).,PMID 38085631 | DOI 10.1519/JSC.0000000000004590,,"Full text supplied by user (Penn State Library). Parsed text extraction 2026-08-08; PMID 38085631 independently resolved via PubMed, title match 1.00; every numeric value verified present in the source text.",,,PS,RESOLVED,PMID 38085631 | DOI 10.1519/JSC.0000000000004590,High-Intensity Conditioning Activity Causes Localized Postactivation Performance Enhancement and Nonlocalized Performance Reduction.,Penn State full-text extraction,
PS-034,,,"Seven weeks of repeated sprint training in heat (RSHT) increased the number of repeated sprints performed during a repeated sprint ability (RSA) test under temperate conditions from 15 to 21 in males and from 8 to 13 in females (p < 0.001), with no significant change after training in temperate conditions (CON).",STRONG EVIDENCE-SUPPORTED INFERENCE,moderate,"Active males and females; HEAT group males n=12, females n=14; CON group males n=12, females n=13 (age not stated in provided text)",,,,"Repeated sprint training twice a week for 7 weeks in temperate (CON, 20°C, 55% RH) or hot (HEAT, 30°C, 60% RH) conditions, with pre/post RSA testing",,Sprint number during RSA increased after HEAT from 15 to 21 in males and from 8 to 13 in females (p < 0.001); no significant changes after CON,NO,transferred from other sport/population,NONE STATED,peer-reviewed journal article,Repeated Sprint Training in Heat Improves Repeated Sprint Ability Under Temperate Conditions Similarly in Active Males and Females. European journal of sport science ({'ye).,PMID 41720497 | DOI 10.1002/ejsc.70126,,"Full text supplied by user (Penn State Library). Parsed text extraction 2026-08-08; PMID 41720497 independently resolved via PubMed, title match 1.00; every numeric value verified present in the source text.",,,PS,RESOLVED,PMID 41720497 | DOI 10.1002/ejsc.70126,Repeated Sprint Training in Heat Improves Repeated Sprint Ability Under Temperate Conditions Similarly in Active Males and Females.,Penn State full-text extraction,
PS-035,,,VO2peak during an incremental exercise test increased by 3 ± 1 mL·kg−1·min−1 (p = 0.032) and mean power output during a Wingate test increased by 0.41 ± 0.15 W·kg−1 (p = 0.007) in all groups after training.,STRONG EVIDENCE-SUPPORTED INFERENCE,moderate,"Active males and females; HEAT group males n=12, females n=14; CON group males n=12, females n=13 (age not stated in provided text)",,,,"7 weeks of repeated sprint training twice a week in temperate (CON) or hot (HEAT) conditions, with pre/post evaluation of aerobic and anaerobic qualities under temperate conditions",,"VO2peak +3 ± 1 mL·kg−1·min−1 (p = 0.032); Wingate mean power output +0.41 ± 0.15 W·kg−1 (p = 0.007), increased in all groups",NO,transferred from other sport/population,NONE STATED,peer-reviewed journal article,Repeated Sprint Training in Heat Improves Repeated Sprint Ability Under Temperate Conditions Similarly in Active Males and Females. European journal of sport science ({'ye).,PMID 41720497 | DOI 10.1002/ejsc.70126,,"Full text supplied by user (Penn State Library). Parsed text extraction 2026-08-08; PMID 41720497 independently resolved via PubMed, title match 1.00; every numeric value verified present in the source text.",,,PS,RESOLVED,PMID 41720497 | DOI 10.1002/ejsc.70126,Repeated Sprint Training in Heat Improves Repeated Sprint Ability Under Temperate Conditions Similarly in Active Males and Females.,Penn State full-text extraction,
PS-036,,,"In the HEAT group only, core temperature was lower at Training 12 (TR12) than Training 1 (TR1) by 0.16 ± 0.07°C (p = 0.015) and thermal sensation decreased by 1 ± 0 (p < 0.001) in both sexes, while skin temperature, sweat rate, and whole-body sweat sodium concentration showed no changes.",STRONG EVIDENCE-SUPPORTED INFERENCE,moderate,"Active males and females in the HEAT group (males n=12, females n=14)",,,,Thermoregulatory responses measured on Training 1 (TR1) and Training 12 (TR12) during the,,,NO,transferred from other sport/population,,peer-reviewed journal article,Repeated Sprint Training in Heat Improves Repeated Sprint Ability Under Temperate Conditions Similarly in Active Males and Females. European journal of sport science ({'ye).,PMID 41720497 | DOI 10.1002/ejsc.70126,,"Full text supplied by user (Penn State Library). Parsed text extraction 2026-08-08; PMID 41720497 independently resolved via PubMed, title match 1.00; every numeric value verified present in the source text.",,,PS,RESOLVED,PMID 41720497 | DOI 10.1002/ejsc.70126,Repeated Sprint Training in Heat Improves Repeated Sprint Ability Under Temperate Conditions Similarly in Active Males and Females.,Penn State full-text extraction,
PS-037,,,"In a 12-week individualized strength and conditioning intervention, 32 of 36 possible test metrics improved beyond the baseline SD for 3 amateur female golfers, compared with 23 of 36 for 3 professional female golfers.",STRONG EVIDENCE-SUPPORTED INFERENCE,moderate,3 high-level amateur and 3 professional female golfers,,,,"Individualized, case series approach; 12-week S&C intervention with 2 structured sessions per week, pre- and post-testing",,Amateurs: 32/36 metrics changed ≥ baseline SD; Professionals: 23/36 metrics changed ≥ baseline SD,NO,transferred from other sport/population,NONE STATED (in provided text),peer-reviewed journal article,A 12-Week Strength and Conditioning Intervention: An Individualized Case Series Approach for 3 Amateur and 3 Professional Female Golfers. Journal of strength and conditioning researc ({'ye).,PMID 41701315 | DOI 10.1519/JSC.0000000000005342,,"Full text supplied by user (Penn State Library). Parsed text extraction 2026-08-08; PMID 41701315 independently resolved via PubMed, title match 1.00; every numeric value verified present in the source text.",,,PS,RESOLVED,PMID 41701315 | DOI 10.1519/JSC.0000000000005342,A 12-Week Strength and Conditioning Intervention: An Individualized Case Series Approach for 3 Amateur and 3 Professional Female Golfers.,Penn State full-text extraction,
PS-038,,,"The lower rate of meaningful change in the professional group was largely attributable to ""professional 1,"" who showed only 4 ""true"" improvements out of a possible 12 test scores.",STRONG EVIDENCE-SUPPORTED INFERENCE,moderate,"Professional female golfers (individual case: ""professional 1"")",,,,"Individualized, case series approach; single case within the 12-week S&C intervention",,"4 out of 12 possible metrics showed ""true"" improvement",NO,transferred from other sport/population,NONE STATED (in provided text),peer-reviewed journal article,A 12-Week Strength and Conditioning Intervention: An Individualized Case Series Approach for 3 Amateur and 3 Professional Female Golfers. Journal of strength and conditioning researc ({'ye).,PMID 41701315 | DOI 10.1519/JSC.0000000000005342,,"Full text supplied by user (Penn State Library). Parsed text extraction 2026-08-08; PMID 41701315 independently resolved via PubMed, title match 1.00; every numeric value verified present in the source text.",,,PS,RESOLVED,PMID 41701315 | DOI 10.1519/JSC.0000000000005342,A 12-Week Strength and Conditioning Intervention: An Individualized Case Series Approach for 3 Amateur and 3 Professional Female Golfers.,Penn State full-text extraction,
PS-039,,,"In prior research cited by the authors, a golf-specific training intervention (GSRT) produced a moderate improvement in driver clubhead speed (ES = 0.73), while a traditional resistance training (TRAD) intervention produced a large improvement (ES = 0.85).",STRONG EVIDENCE-SUPPORTED INFERENCE,moderate,NONE STATED (population details from the cited Hegedus et al. study are not given in this excerpt),,,,"NONE STATED (described only as a comparison between GSRT and TRAD interventions, cited from another study, not the design of this paper)",,GSRT: ES = 0.73 (moderate); TRAD: ES = 0.85 (large),NO,transferred from other sport/population,The authors note the GSR,peer-reviewed journal article,A 12-Week Strength and Conditioning Intervention: An Individualized Case Series Approach for 3 Amateur and 3 Professional Female Golfers. Journal of strength and conditioning researc ({'ye).,PMID 41701315 | DOI 10.1519/JSC.0000000000005342,,"Full text supplied by user (Penn State Library). Parsed text extraction 2026-08-08; PMID 41701315 independently resolved via PubMed, title match 1.00; every numeric value verified present in the source text.",,,PS,RESOLVED,PMID 41701315 | DOI 10.1519/JSC.0000000000005342,A 12-Week Strength and Conditioning Intervention: An Individualized Case Series Approach for 3 Amateur and 3 Professional Female Golfers.,Penn State full-text extraction,
PS-040,,,"This study found a positive correlation between knee extensor peak torque and GRFz, GRFy, and COPy during cross-punch performance in highly trained amateur boxers.",STRONG EVIDENCE-SUPPORTED INFERENCE,moderate,"12 male amateur boxers, body mass range 64.5–112.2 kg, mean 89.2 ± 17.0 kg (age not stated)",,,,NONE STATED,,NONE STATED,YES,boxing-specific — direct,NONE STATED,peer-reviewed journal article,Impact of Leg Strength on the Force Produced During a Cross-Punch in Highly Trained Amateur Boxers. Journal of strength and conditioning researc ({'ye).,PMID 39074243 | DOI 10.1519/JSC.0000000000004867,,"Full text supplied by user (Penn State Library). Parsed text extraction 2026-08-08; PMID 39074243 independently resolved via PubMed, title match 1.00; every numeric value verified present in the source text.",,,PS,RESOLVED,PMID 39074243 | DOI 10.1519/JSC.0000000000004867,Impact of Leg Strength on the Force Produced During a Cross-Punch in Highly Trained Amateur Boxers.,Penn State full-text extraction,
PS-041,,,The GRMz gradient and GRMz impulse during the execution phase of the cross-punch had a significant positive effect on cross-punch force.,STRONG EVIDENCE-SUPPORTED INFERENCE,moderate,"12 male amateur boxers, body mass range 64.5–112.2 kg, mean 89.2 ± 17.0 kg (age not stated)",,,,NONE STATED,,NONE STATED,YES,boxing-specific — direct,NONE STATED,peer-reviewed journal article,Impact of Leg Strength on the Force Produced During a Cross-Punch in Highly Trained Amateur Boxers. Journal of strength and conditioning researc ({'ye).,PMID 39074243 | DOI 10.1519/JSC.0000000000004867,,"Full text supplied by user (Penn State Library). Parsed text extraction 2026-08-08; PMID 39074243 independently resolved via PubMed, title match 1.00; every numeric value verified present in the source text.",,,PS,RESOLVED,PMID 39074243 | DOI 10.1519/JSC.0000000000004867,Impact of Leg Strength on the Force Produced During a Cross-Punch in Highly Trained Amateur Boxers.,Penn State full-text extraction,
PS-042,,,The study concluded that cross-punch force in highly trained amateur boxers is related to a greater angular velocity about the vertical axis during body rotation.,STRONG EVIDENCE-SUPPORTED INFERENCE,moderate,"12 male amateur boxers, body mass range 64.5–112.2 kg, mean 89.2 ± 17.0 kg (age not stated)",,,,NONE STATED,,NONE STATED,YES,boxing-specific — direct,NONE STATED,peer-reviewed journal article,Impact of Leg Strength on the Force Produced During a Cross-Punch in Highly Trained Amateur Boxers. Journal of strength and conditioning researc ({'ye).,PMID 39074243 | DOI 10.1519/JSC.0000000000004867,,"Full text supplied by user (Penn State Library). Parsed text extraction 2026-08-08; PMID 39074243 independently resolved via PubMed, title match 1.00; every numeric value verified present in the source text.",,,PS,RESOLVED,PMID 39074243 | DOI 10.1519/JSC.0000000000004867,Impact of Leg Strength on the Force Produced During a Cross-Punch in Highly Trained Amateur Boxers.,Penn State full-text extraction,
