organization_id,transfer_id,drill_id,block_id,script_id,claim_kind,statement,named_structure,evidence_class,registry_claim_id,source_document,athlete_facing,public_facing
{{PPBF_ORG_ID}},txf_3519cbaf758dd7,drl_0871d69fccd12f,,,neuro_mechanism,"Sensorimotor timing, bilateral coordination, and dynamic balance",,MECHANISM-THEORISED,,Non-Contact Boxing Development Map (PPBF),true,false
{{PPBF_ORG_ID}},txf_62156635b2afa7,drl_0871d69fccd12f,,,life_skill_transfer,Pacing and persistence — transfers as: Reset after mistakes and continue without quitting,,COACHING INTENT,,Non-Contact Boxing Development Map (PPBF),true,true
{{PPBF_ORG_ID}},txf_7e69f6b86fe5d6,drl_0871d69fccd12f,,,cognitive_demand,Immediate feedback on rhythm and timing; athletes feel progress quickly,,MECHANISM-THEORISED,,Non-Contact Boxing Development Map (PPBF),true,false
{{PPBF_ORG_ID}},txf_1300dc75a78072,drl_7ede6fd588b652,,,neuro_mechanism,"Proprioception, postural control, and body awareness",,MECHANISM-THEORISED,,Non-Contact Boxing Development Map (PPBF),true,false
{{PPBF_ORG_ID}},txf_2d25115379d895,drl_7ede6fd588b652,,,life_skill_transfer,Self-control — transfers as: Hold structure under stress instead of getting scattered,,COACHING INTENT,,Non-Contact Boxing Development Map (PPBF),true,true
{{PPBF_ORG_ID}},txf_15ded717306b65,drl_7ede6fd588b652,,,cognitive_demand,"Creates an early sense of stability, readiness, and safety in training",,MECHANISM-THEORISED,,Non-Contact Boxing Development Map (PPBF),true,false
{{PPBF_ORG_ID}},txf_4bcf805068915c,drl_1663c21b8190f7,,,neuro_mechanism,"Motor planning, dynamic balance, and directional control",,MECHANISM-THEORISED,,Non-Contact Boxing Development Map (PPBF),true,false
{{PPBF_ORG_ID}},txf_b1181f6f49086f,drl_1663c21b8190f7,,,life_skill_transfer,Adaptability — transfers as: Adjust position with control rather than reacting emotionally,,COACHING INTENT,,Non-Contact Boxing Development Map (PPBF),true,true
{{PPBF_ORG_ID}},txf_74148b4c465011,drl_1663c21b8190f7,,,cognitive_demand,Makes ring movement feel strategic instead of random,,MECHANISM-THEORISED,,Non-Contact Boxing Development Map (PPBF),true,false
{{PPBF_ORG_ID}},txf_798224ef597497,drl_062b891d07f3d0,,,neuro_mechanism,"Rotational sequencing, spatial orientation, and balance",,MECHANISM-THEORISED,,Non-Contact Boxing Development Map (PPBF),true,false
{{PPBF_ORG_ID}},txf_e51e0847dd9f52,drl_062b891d07f3d0,,,life_skill_transfer,Problem-solving flexibility — transfers as: Change the angle instead of forcing the same answer,,COACHING INTENT,,Non-Contact Boxing Development Map (PPBF),true,true
{{PPBF_ORG_ID}},txf_0a511fd9ee4bb9,drl_062b891d07f3d0,,,cognitive_demand,Shows athletes how angles create smarter offense and defense,,MECHANISM-THEORISED,,Non-Contact Boxing Development Map (PPBF),true,false
{{PPBF_ORG_ID}},txf_e691860a9f9852,drl_5c656df84a75f1,,,neuro_mechanism,"Motor imagery, sequencing, self-monitoring, and error correction",,MECHANISM-THEORISED,,Non-Contact Boxing Development Map (PPBF),true,false
{{PPBF_ORG_ID}},txf_9c7433d9177deb,drl_5c656df84a75f1,,,life_skill_transfer,Deliberate practice — transfers as: Notice what is working and correct what is not,,COACHING INTENT,,Non-Contact Boxing Development Map (PPBF),true,true
{{PPBF_ORG_ID}},txf_f6baa164456bea,drl_5c656df84a75f1,,,cognitive_demand,"Builds ownership, creativity, and technical identity",,MECHANISM-THEORISED,,Non-Contact Boxing Development Map (PPBF),true,false
{{PPBF_ORG_ID}},txf_55866ace7db601,drl_c9a8e99033d5f8,,,neuro_mechanism,"Visual tracking, anticipation, inhibitory control, and reaction timing",,MECHANISM-THEORISED,,Non-Contact Boxing Development Map (PPBF),true,false
{{PPBF_ORG_ID}},txf_c6940c777dd441,drl_c9a8e99033d5f8,,,life_skill_transfer,"Decision-making under pressure — transfers as: Read first, move second, and avoid panic reactions",,COACHING INTENT,,Non-Contact Boxing Development Map (PPBF),true,true
{{PPBF_ORG_ID}},txf_979de92caeaffc,drl_c9a8e99033d5f8,,,cognitive_demand,Turns defense into an engaging read-and-react challenge,,MECHANISM-THEORISED,,Non-Contact Boxing Development Map (PPBF),true,false
{{PPBF_ORG_ID}},txf_ad51128fff001d,drl_1106cb43b41070,,,neuro_mechanism,"Motor chunking, force-transfer timing, and organized action under fatigue",,MECHANISM-THEORISED,,Non-Contact Boxing Development Map (PPBF),true,false
{{PPBF_ORG_ID}},txf_66553b63d9aafa,drl_1106cb43b41070,,,life_skill_transfer,Resilience — transfers as: Work through discomfort while keeping structure and breathing,,COACHING INTENT,,Non-Contact Boxing Development Map (PPBF),true,true
{{PPBF_ORG_ID}},txf_ed733ddcc39a3e,drl_1106cb43b41070,,,cognitive_demand,Tactile feedback and visible power make effort feel meaningful,,MECHANISM-THEORISED,,Non-Contact Boxing Development Map (PPBF),true,false
{{PPBF_ORG_ID}},txf_f3759f0d34cb87,drl_acbf7fb46ea883,,,neuro_mechanism,"Action switching, attentional control, and response selection",,MECHANISM-THEORISED,,Non-Contact Boxing Development Map (PPBF),true,false
{{PPBF_ORG_ID}},txf_2db1279fa588c9,drl_acbf7fb46ea883,,,life_skill_transfer,Emotional regulation — transfers as: Do the next right action instead of overreacting after a mistake,,COACHING INTENT,,Non-Contact Boxing Development Map (PPBF),true,true
{{PPBF_ORG_ID}},txf_efc37749bf14e0,drl_acbf7fb46ea883,,,cognitive_demand,Teaches athletes to attack and stay safe at the same time,,MECHANISM-THEORISED,,Non-Contact Boxing Development Map (PPBF),true,false
{{PPBF_ORG_ID}},txf_a099523653352a,drl_8b9d228a46162d,,,neuro_mechanism,"Predictive timing, hand-eye coordination, visual tracking, and anticipation",,MECHANISM-THEORISED,,Non-Contact Boxing Development Map (PPBF),true,false
{{PPBF_ORG_ID}},txf_328bf0f92eee4a,drl_8b9d228a46162d,,,life_skill_transfer,Patience and precision — transfers as: Calm observation improves results more than rushing,,COACHING INTENT,,Non-Contact Boxing Development Map (PPBF),true,true
{{PPBF_ORG_ID}},txf_e43caa6fa956c1,drl_8b9d228a46162d,,,cognitive_demand,The rebound creates a challenge-feedback loop that keeps athletes engaged,,MECHANISM-THEORISED,,Non-Contact Boxing Development Map (PPBF),true,false
{{PPBF_ORG_ID}},txf_7e0a104010b113,drl_9835dcfd1411c6,,,neuro_mechanism,"Bilateral coordination, cerebellar timing, and rapid patterning",cerebell,MECHANISM-THEORISED,,Non-Contact Boxing Development Map (PPBF),true,false
{{PPBF_ORG_ID}},txf_478be8ab161588,drl_9835dcfd1411c6,,,life_skill_transfer,"Concentration — transfers as: Stay locked in, recover quickly from small errors, sustain focus",,COACHING INTENT,,Non-Contact Boxing Development Map (PPBF),true,true
{{PPBF_ORG_ID}},txf_952b18aa6d6dfe,drl_9835dcfd1411c6,,,cognitive_demand,Audible rhythm and repeatable progress help athletes enter flow,,MECHANISM-THEORISED,,Non-Contact Boxing Development Map (PPBF),true,false
{{PPBF_ORG_ID}},txf_1680163490fdc8,drl_b52cba6adc63d2,,,neuro_mechanism,"Visual tracking, anticipation, locomotor adjustment, and motor control",,MECHANISM-THEORISED,,Non-Contact Boxing Development Map (PPBF),true,false
{{PPBF_ORG_ID}},txf_16365f74e1a211,drl_b52cba6adc63d2,,,life_skill_transfer,Situational awareness — transfers as: Read cues early and respond accurately instead of impulsively,,COACHING INTENT,,Non-Contact Boxing Development Map (PPBF),true,true
{{PPBF_ORG_ID}},txf_fb5c0347ada607,drl_b52cba6adc63d2,,,cognitive_demand,Game-like unpredictability raises fun and engagement,,MECHANISM-THEORISED,,Non-Contact Boxing Development Map (PPBF),true,false
{{PPBF_ORG_ID}},txf_5966a42f3a1c92,drl_6e3fc8e205c0f1,,,neuro_mechanism,"Rate of force development, rapid motor-unit recruitment, and kinetic-chain sequencing",,MECHANISM-THEORISED,,Non-Contact Boxing Development Map (PPBF),true,false
{{PPBF_ORG_ID}},txf_cceac5a9827f27,drl_6e3fc8e205c0f1,,,life_skill_transfer,Confidence through competence — transfers as: Confidence comes from repeatable skill and disciplined effort,,COACHING INTENT,,Non-Contact Boxing Development Map (PPBF),true,true
{{PPBF_ORG_ID}},txf_9b698ad9ae1782,drl_6e3fc8e205c0f1,,,cognitive_demand,"Athletes can feel punch power coming from the floor up, making progress visible",,MECHANISM-THEORISED,,Non-Contact Boxing Development Map (PPBF),true,false
{{PPBF_ORG_ID}},txf_5aaf200c157158,drl_2e5f90a1923406,,,neuro_mechanism,"Cognitive flexibility, divided attention, and inhibitory control",,MECHANISM-THEORISED,,Non-Contact Boxing Development Map (PPBF),true,false
{{PPBF_ORG_ID}},txf_71ea4d85029938,drl_2e5f90a1923406,,,life_skill_transfer,"Communication and accountability — transfers as: Listen well, respond accurately, and stay responsible to the task",,COACHING INTENT,,Non-Contact Boxing Development Map (PPBF),true,true
{{PPBF_ORG_ID}},txf_73f0c201b1b7b1,drl_2e5f90a1923406,,,cognitive_demand,"Live cues make training social, responsive, and accountable",,MECHANISM-THEORISED,,Non-Contact Boxing Development Map (PPBF),true,false
{{PPBF_ORG_ID}},txf_fac7f2e0895568,drl_372a21cbd4c204,,,neuro_mechanism,Coaching Step,,MECHANISM-THEORISED,,Non-Contact Boxing Development Map (PPBF),true,false
{{PPBF_ORG_ID}},txf_094c241d034885,drl_372a21cbd4c204,,,life_skill_transfer,What Happens in Boxing — transfers as: Neurological / Learning Link,,COACHING INTENT,,Non-Contact Boxing Development Map (PPBF),true,true
{{PPBF_ORG_ID}},txf_f7a969a7af4b49,drl_372a21cbd4c204,,,cognitive_demand,"The drill itself trains the body and brain. The coach is what makes that adaptation transfer outside boxing. Sport-based life-skill research consistently shows stronger transfer when coaches explicitly name the skill, cue it during practice, and debrief how to use it in school, work, and relationships",,MECHANISM-THEORISED,,Non-Contact Boxing Development Map (PPBF),true,false
{{PPBF_ORG_ID}},txf_420f5cac580d2e,drl_981e5b9210bd7c,,,neuro_mechanism,Directs attention and creates a clear learning objective,,MECHANISM-THEORISED,,Non-Contact Boxing Development Map (PPBF),true,false
{{PPBF_ORG_ID}},txf_5a7c6e6f47c5eb,drl_981e5b9210bd7c,,,life_skill_transfer,Athletes know what success looks like beyond just “working hard.” — transfers as: 2. Cue the behavior,,COACHING INTENT,,Non-Contact Boxing Development Map (PPBF),true,true
{{PPBF_ORG_ID}},txf_270432295fe361,drl_981e5b9210bd7c,,,cognitive_demand,"Coach states the target before the drill, e.g., “today we train emotional regulation.”",,MECHANISM-THEORISED,,Non-Contact Boxing Development Map (PPBF),true,false
{{PPBF_ORG_ID}},txf_4177623c0430ca,drl_eead4f60eeb7e8,,,neuro_mechanism,3. Debrief the rep,,MECHANISM-THEORISED,,Non-Contact Boxing Development Map (PPBF),true,false
{{PPBF_ORG_ID}},txf_b1e1660f6bb252,drl_eead4f60eeb7e8,,,life_skill_transfer,Coach asks what the athlete noticed after the round. — transfers as: Reflection strengthens retention and helps connect action to outcome,,COACHING INTENT,,Non-Contact Boxing Development Map (PPBF),true,true
{{PPBF_ORG_ID}},txf_eb4d955ae08504,drl_eead4f60eeb7e8,,,cognitive_demand,Athletes practice the skill while under task pressure,,MECHANISM-THEORISED,,Non-Contact Boxing Development Map (PPBF),true,false
{{PPBF_ORG_ID}},txf_4edc6cc38d49f8,drl_b89523fc7f4835,,,neuro_mechanism,Builds generalization from sport context to daily life context,,MECHANISM-THEORISED,,Non-Contact Boxing Development Map (PPBF),true,false
{{PPBF_ORG_ID}},txf_89876897ec586c,drl_b89523fc7f4835,,,life_skill_transfer,"Athletes see how boxing habits can support school, work, and relationships. — transfers as: Coach reminder: use one clear life-skill target per session. The goal is not to lecture; it is to make the drill, the cue, and the reflection point in the same direction",,COACHING INTENT,,Non-Contact Boxing Development Map (PPBF),true,true
{{PPBF_ORG_ID}},txf_00100312666b84,drl_b89523fc7f4835,,,cognitive_demand,Coach asks where the same skill can be used outside the gym,,MECHANISM-THEORISED,,Non-Contact Boxing Development Map (PPBF),true,false
{{PPBF_ORG_ID}},txf_3f9c80f41682b5,drl_af231405dfe68a,,,neuro_mechanism,Boxing Engagement,,MECHANISM-THEORISED,,Non-Contact Boxing Development Map (PPBF),true,false
{{PPBF_ORG_ID}},txf_148d3c9ddc74f0,drl_af231405dfe68a,,,life_skill_transfer,Neurological Connection — transfers as: Life Skill,,COACHING INTENT,,Non-Contact Boxing Development Map (PPBF),true,true
{{PPBF_ORG_ID}},txf_1214e7a8d5b415,drl_af231405dfe68a,,,cognitive_demand,Drill,,MECHANISM-THEORISED,,Non-Contact Boxing Development Map (PPBF),true,false
{{PPBF_ORG_ID}},txf_38d3d6228be326,drl_fa5709ef48a8d9,,,neuro_mechanism,Partner-based movement turns footwork into a live game of timing and spacing,,MECHANISM-THEORISED,,Non-Contact Boxing Development Map (PPBF),true,false
{{PPBF_ORG_ID}},txf_c88aa0156127d8,drl_fa5709ef48a8d9,,,life_skill_transfer,"Visual attention, motor matching, spatial awareness, and reaction adjustment. — transfers as: Responsiveness",,COACHING INTENT,,Non-Contact Boxing Development Map (PPBF),true,true
{{PPBF_ORG_ID}},txf_73cb1999c4877c,drl_fa5709ef48a8d9,,,cognitive_demand,Mirror footwork,,MECHANISM-THEORISED,,Non-Contact Boxing Development Map (PPBF),true,false
{{PPBF_ORG_ID}},txf_ba1ae639ddbf4d,drl_f1d7e5aa0e2393,,,neuro_mechanism,Clear targets and simple scoring increase focus and immediate feedback,,MECHANISM-THEORISED,,Non-Contact Boxing Development Map (PPBF),true,false
{{PPBF_ORG_ID}},txf_d1fd9025b326da,drl_f1d7e5aa0e2393,,,life_skill_transfer,"Gaze fixation, hand-eye accuracy, error correction, and impulse control. — transfers as: Attention to detail",,COACHING INTENT,,Non-Contact Boxing Development Map (PPBF),true,true
{{PPBF_ORG_ID}},txf_b453ee7b24b225,drl_f1d7e5aa0e2393,,,cognitive_demand,Wall-target accuracy,,MECHANISM-THEORISED,,Non-Contact Boxing Development Map (PPBF),true,false
{{PPBF_ORG_ID}},txf_fa25e1651862f8,drl_efe1fd165c32cc,,,neuro_mechanism,Short reset windows help athletes feel control returning between hard efforts,,MECHANISM-THEORISED,,Non-Contact Boxing Development Map (PPBF),true,false
{{PPBF_ORG_ID}},txf_89b21c12d86951,drl_efe1fd165c32cc,,,life_skill_transfer,"Interoception, autonomic down-regulation, and attentional reset. — transfers as: Emotional regulation",,COACHING INTENT,,Non-Contact Boxing Development Map (PPBF),true,true
{{PPBF_ORG_ID}},txf_cbef6d4d015eca,drl_efe1fd165c32cc,,,cognitive_demand,Breath-reset intervals,,MECHANISM-THEORISED,,Non-Contact Boxing Development Map (PPBF),true,false
{{PPBF_ORG_ID}},txf_5125821c585906,drl_c7aa529d55f403,,,neuro_mechanism,"Rules like “jab only,” “move after every combo,” or “body-shot round” keep practice tactical and fresh",,MECHANISM-THEORISED,,Non-Contact Boxing Development Map (PPBF),true,false
{{PPBF_ORG_ID}},txf_ddcbda1727fa17,drl_c7aa529d55f403,,,life_skill_transfer,"Cognitive flexibility, response inhibition, and task switching. — transfers as: Problem-solving",,COACHING INTENT,,Non-Contact Boxing Development Map (PPBF),true,true
{{PPBF_ORG_ID}},txf_b9fd87d76abba6,drl_c7aa529d55f403,,,cognitive_demand,Constraint technical rounds,,MECHANISM-THEORISED,,Non-Contact Boxing Development Map (PPBF),true,false
{{PPBF_ORG_ID}},txf_11ce09226a561e,drl_72fd1b90190d4d,,,neuro_mechanism,"Light non-contact glove tags create fun, social accountability, and fast read-react moments",,MECHANISM-THEORISED,,Non-Contact Boxing Development Map (PPBF),true,false
{{PPBF_ORG_ID}},txf_ea34f37f424185,drl_72fd1b90190d4d,,,life_skill_transfer,"Peripheral awareness, stimulus-response speed, and movement inhibition. — transfers as: Respectful competitiveness",,COACHING INTENT,,Non-Contact Boxing Development Map (PPBF),true,true
{{PPBF_ORG_ID}},txf_3e9d291628ac71,drl_72fd1b90190d4d,,,cognitive_demand,Partner glove-tag reactions,,MECHANISM-THEORISED,,Non-Contact Boxing Development Map (PPBF),true,false
{{PPBF_ORG_ID}},txf_7ee075458344c9,drl_ec49eb83be6ccd,,,neuro_mechanism,A low-pressure finish helps athletes process what they just learned,,MECHANISM-THEORISED,,Non-Contact Boxing Development Map (PPBF),true,false
{{PPBF_ORG_ID}},txf_e4f8f0eeb999bf,drl_ec49eb83be6ccd,,,life_skill_transfer,"Memory consolidation, emotional settling, and self-monitoring. — transfers as: Self-awareness",,COACHING INTENT,,Non-Contact Boxing Development Map (PPBF),true,true
{{PPBF_ORG_ID}},txf_496e85698a550a,drl_ec49eb83be6ccd,,,cognitive_demand,Cool-down reflection walk,,MECHANISM-THEORISED,,Non-Contact Boxing Development Map (PPBF),true,false
{{PPBF_ORG_ID}},txf_0bb5940bbb4bd6,drl_92bb9cd196bd7c,,,neuro_mechanism,Use one or two of these prompts at the end of a drill or round. Short debriefs are often enough to connect the practice task to the transferable skill,,MECHANISM-THEORISED,,Non-Contact Boxing Development Map (PPBF),true,false
{{PPBF_ORG_ID}},txf_73348a553a6bd6,drl_92bb9cd196bd7c,,,life_skill_transfer,Life Skill — transfers as: Ask in the Gym,,COACHING INTENT,,Non-Contact Boxing Development Map (PPBF),true,true
{{PPBF_ORG_ID}},txf_4b9a093fd69eab,drl_92bb9cd196bd7c,,,cognitive_demand,Debrief Questions by Life Skill,,MECHANISM-THEORISED,,Non-Contact Boxing Development Map (PPBF),true,false
{{PPBF_ORG_ID}},txf_276957303a0cf6,drl_3a8b441dd7c9b8,,,neuro_mechanism,Where else do you need to recover quickly instead of quitting?,,MECHANISM-THEORISED,,Non-Contact Boxing Development Map (PPBF),true,false
{{PPBF_ORG_ID}},txf_903f9ba6dd8bda,drl_3a8b441dd7c9b8,,,life_skill_transfer,Self-control — transfers as: What helped you stay organized when you got tired?,,COACHING INTENT,,Non-Contact Boxing Development Map (PPBF),true,true
{{PPBF_ORG_ID}},txf_968128c1287fc2,drl_3a8b441dd7c9b8,,,cognitive_demand,"When you missed rhythm, how did you restart?",,MECHANISM-THEORISED,,Non-Contact Boxing Development Map (PPBF),true,false
{{PPBF_ORG_ID}},txf_565819572b0ed5,drl_d7ed8be4396174,,,neuro_mechanism,Where in life could a small adjustment solve more than pushing harder?,,MECHANISM-THEORISED,,Non-Contact Boxing Development Map (PPBF),true,false
{{PPBF_ORG_ID}},txf_6e0dc012c7bccb,drl_d7ed8be4396174,,,life_skill_transfer,Decision-making under pressure — transfers as: Did you read the cue before you moved?,,COACHING INTENT,,Non-Contact Boxing Development Map (PPBF),true,true
{{PPBF_ORG_ID}},txf_81d61e943a84ad,drl_d7ed8be4396174,,,cognitive_demand,What adjustment worked better than forcing the same answer?,,MECHANISM-THEORISED,,Non-Contact Boxing Development Map (PPBF),true,false
{{PPBF_ORG_ID}},txf_f771439917f21a,drl_32059a8788953c,,,neuro_mechanism,What challenge this week needs the same “stay calm and keep working” approach?,,MECHANISM-THEORISED,,Non-Contact Boxing Development Map (PPBF),true,false
{{PPBF_ORG_ID}},txf_5e2453fa37f43d,drl_32059a8788953c,,,life_skill_transfer,"Concentration — transfers as: What distracted you, and how did you refocus?",,COACHING INTENT,,Non-Contact Boxing Development Map (PPBF),true,true
{{PPBF_ORG_ID}},txf_7726c16fca3de1,drl_32059a8788953c,,,cognitive_demand,How did you keep your technique when the round got hard?,,MECHANISM-THEORISED,,Non-Contact Boxing Development Map (PPBF),true,false
{{PPBF_ORG_ID}},txf_9a82f43aca35ae,drl_bd6ff7b8ab54f8,,,neuro_mechanism,Where else can confidence come from preparation instead of emotion?,,MECHANISM-THEORISED,,Non-Contact Boxing Development Map (PPBF),true,false
{{PPBF_ORG_ID}},txf_2c8f78b65da184,drl_bd6ff7b8ab54f8,,,life_skill_transfer,Communication and accountability — transfers as: How well did you listen to the cue and respond clearly?,,COACHING INTENT,,Non-Contact Boxing Development Map (PPBF),true,true
{{PPBF_ORG_ID}},txf_fed74ebde14cee,drl_bd6ff7b8ab54f8,,,cognitive_demand,"What did you do well because you practiced it, not because you guessed?",,MECHANISM-THEORISED,,Non-Contact Boxing Development Map (PPBF),true,false
{{PPBF_ORG_ID}},txf_6331f29671932f,drl_7752ac97568f9e,,,neuro_mechanism,Use short cues during drills and short debriefs after drills. Consistency matters more than long talks,,MECHANISM-THEORISED,,Non-Contact Boxing Development Map (PPBF),true,false
{{PPBF_ORG_ID}},txf_5ac21f0287ceb9,drl_7752ac97568f9e,,,life_skill_transfer,"Progress challenge only when athletes can hold technique and emotional control at the current level. — transfers as: Recognize specific behaviors, not vague effort: e.g., “good reset,” “good patience,” “good listening,” “good balance after the pivot.”",,COACHING INTENT,,Non-Contact Boxing Development Map (PPBF),true,true
{{PPBF_ORG_ID}},txf_c68dcbbb1d3af9,drl_7752ac97568f9e,,,cognitive_demand,Keep one life-skill objective visible for the whole session. Do not try to teach every life skill every day,,MECHANISM-THEORISED,,Non-Contact Boxing Development Map (PPBF),true,false
{{PPBF_ORG_ID}},txf_e08c6c32e3479e,drl_a280fd68e6c028,,,neuro_mechanism,"Neuromuscular training research: repeated technique-based training improves body control, agility, speed, and balance",,MECHANISM-THEORISED,,Non-Contact Boxing Development Map (PPBF),true,false
{{PPBF_ORG_ID}},txf_709a7d78ac2489,drl_a280fd68e6c028,,,life_skill_transfer,"Boxing vision and performance literature: attention, anticipation, reaction time, hand-eye coordination, inhibitory control, and visual tracking are central to boxing performance. — transfers as: Child boxing intervention research: structured boxing training has improved self-concept and spatial ability in children",,COACHING INTENT,,Non-Contact Boxing Development Map (PPBF),true,true
{{PPBF_ORG_ID}},txf_251ce0e7513dc5,drl_a280fd68e6c028,,,cognitive_demand,"Non-contact boxing and mental-health scoping review: boxing-based exercise has been associated with improved mood, concentration, confidence, self-esteem, and coordination",,MECHANISM-THEORISED,,Non-Contact Boxing Development Map (PPBF),true,false
{{PPBF_ORG_ID}},txf_833562743d9663,drl_4826947a915018,,,neuro_mechanism,"Use this at the top and bottom of practice so the boxing task, the neurological target, and the life-skill message stay aligned",,MECHANISM-THEORISED,,Non-Contact Boxing Development Map (PPBF),true,false
{{PPBF_ORG_ID}},txf_624370fb83a492,drl_4826947a915018,,,life_skill_transfer,Before Practice — transfers as: During Practice,,COACHING INTENT,,Non-Contact Boxing Development Map (PPBF),true,true
{{PPBF_ORG_ID}},txf_a056102b238014,drl_4826947a915018,,,cognitive_demand,Quick Session Checklist,,MECHANISM-THEORISED,,Non-Contact Boxing Development Map (PPBF),true,false
{{PPBF_ORG_ID}},txf_2cec1d0999df73,drl_50ca9b710370e0,,,neuro_mechanism,• Tell athletes exactly what “good” will look like,,MECHANISM-THEORISED,,Non-Contact Boxing Development Map (PPBF),true,false
{{PPBF_ORG_ID}},txf_34213965a94403,drl_50ca9b710370e0,,,life_skill_transfer,"• Cue one behavior repeatedly, not ten behaviors once. — transfers as: • Praise specific moments: reset, balance, patience, listening",,COACHING INTENT,,Non-Contact Boxing Development Map (PPBF),true,true
{{PPBF_ORG_ID}},txf_7ac1ddb7023db8,drl_50ca9b710370e0,,,cognitive_demand,• Choose one primary drill that best teaches it,,MECHANISM-THEORISED,,Non-Contact Boxing Development Map (PPBF),true,false
{{PPBF_ORG_ID}},txf_a0edad53d797ee,drl_38bd1a27efa093,,,neuro_mechanism,• Record one win and one next step,,MECHANISM-THEORISED,,Non-Contact Boxing Development Map (PPBF),true,false
{{PPBF_ORG_ID}},txf_a7f7bcfa3b2cdc,drl_38bd1a27efa093,,,life_skill_transfer,"Program cue: keep the drill, the cue, and the reflection pointed at the same life skill. — transfers as: Additional Question Bank",,COACHING INTENT,,Non-Contact Boxing Development Map (PPBF),true,true
{{PPBF_ORG_ID}},txf_056d45435f4726,drl_38bd1a27efa093,,,cognitive_demand,• Assign one outside-boxing transfer prompt,,MECHANISM-THEORISED,,Non-Contact Boxing Development Map (PPBF),true,false
{{PPBF_ORG_ID}},txf_b59a832b955e98,drl_e15fd089ca9b9f,,,neuro_mechanism,Which drill kept you the most locked in today?,,MECHANISM-THEORISED,,Non-Contact Boxing Development Map (PPBF),true,false
{{PPBF_ORG_ID}},txf_408d908dca483d,drl_e15fd089ca9b9f,,,life_skill_transfer,"Which drill felt frustrating, and what made it frustrating? — transfers as: When did training feel fun instead of forced?",,COACHING INTENT,,Non-Contact Boxing Development Map (PPBF),true,true
{{PPBF_ORG_ID}},txf_f7973df4dbad97,drl_e15fd089ca9b9f,,,cognitive_demand,Boxing engagement,,MECHANISM-THEORISED,,Non-Contact Boxing Development Map (PPBF),true,false
{{PPBF_ORG_ID}},txf_9ad8b496c204b7,drl_f47a992cbc2ee2,,,neuro_mechanism,Which drill made you feel least confident?,,MECHANISM-THEORISED,,Non-Contact Boxing Development Map (PPBF),true,false
{{PPBF_ORG_ID}},txf_bd8542470c43ae,drl_f47a992cbc2ee2,,,life_skill_transfer,What part of training made you feel sharpest mentally? — transfers as: When did you feel distracted?,,COACHING INTENT,,Non-Contact Boxing Development Map (PPBF),true,true
{{PPBF_ORG_ID}},txf_3271fe88262965,drl_f47a992cbc2ee2,,,cognitive_demand,Which drill made you feel confident?,,MECHANISM-THEORISED,,Non-Contact Boxing Development Map (PPBF),true,false
{{PPBF_ORG_ID}},txf_8bd8b46b66b69a,drl_99d560d72f29d1,,,neuro_mechanism,When were you reacting late?,,MECHANISM-THEORISED,,Non-Contact Boxing Development Map (PPBF),true,false
{{PPBF_ORG_ID}},txf_2d84216fabb14e,drl_99d560d72f29d1,,,life_skill_transfer,Did you anticipate the movement or just chase it? — transfers as: Which side of your body felt slower?,,COACHING INTENT,,Non-Contact Boxing Development Map (PPBF),true,true
{{PPBF_ORG_ID}},txf_ae94591d64ef53,drl_99d560d72f29d1,,,cognitive_demand,When did your eyes pick up the cue early?,,MECHANISM-THEORISED,,Non-Contact Boxing Development Map (PPBF),true,false
{{PPBF_ORG_ID}},txf_aedb0e2706090b,drl_e793cf6dde48e3,,,neuro_mechanism,Where did you overreact instead of making a small adjustment?,,MECHANISM-THEORISED,,Non-Contact Boxing Development Map (PPBF),true,false
{{PPBF_ORG_ID}},txf_277482790040f1,drl_e793cf6dde48e3,,,life_skill_transfer,"Did your feet stay connected to the ground, or did you get jumpy? — transfers as: What changed in your timing from the first round to the last?",,COACHING INTENT,,Non-Contact Boxing Development Map (PPBF),true,true
{{PPBF_ORG_ID}},txf_15d781b8bf805a,drl_e793cf6dde48e3,,,cognitive_demand,What pattern became easier after repetition?,,MECHANISM-THEORISED,,Non-Contact Boxing Development Map (PPBF),true,false
{{PPBF_ORG_ID}},txf_73e3510085ba8f,drl_aa94b105598bf8,,,neuro_mechanism,What broke your concentration?,,MECHANISM-THEORISED,,Non-Contact Boxing Development Map (PPBF),true,false
{{PPBF_ORG_ID}},txf_7ad13046a23d43,drl_aa94b105598bf8,,,life_skill_transfer,"How fast did you recover your focus after a mistake? — transfers as: Did you stay present, or did you start thinking ahead too much?",,COACHING INTENT,,Non-Contact Boxing Development Map (PPBF),true,true
{{PPBF_ORG_ID}},txf_5bec4a364718cb,drl_aa94b105598bf8,,,cognitive_demand,"Did your focus stay on the target, your breathing, or the coach’s cue?",,MECHANISM-THEORISED,,Non-Contact Boxing Development Map (PPBF),true,false
{{PPBF_ORG_ID}},txf_c0c158470c8ce5,drl_1360c1382c9ffb,,,neuro_mechanism,Emotional control,,MECHANISM-THEORISED,,Non-Contact Boxing Development Map (PPBF),true,false
{{PPBF_ORG_ID}},txf_20d3c6d8eb4f76,drl_1360c1382c9ffb,,,life_skill_transfer,When did you feel frustration rise? — transfers as: What did you do instead of letting frustration take over?,,COACHING INTENT,,Non-Contact Boxing Development Map (PPBF),true,true
{{PPBF_ORG_ID}},txf_ae63263fe6a558,drl_1360c1382c9ffb,,,cognitive_demand,What does “locked in” feel like in your body?,,MECHANISM-THEORISED,,Non-Contact Boxing Development Map (PPBF),true,false
{{PPBF_ORG_ID}},txf_bc718dc424e2d3,drl_3d88d3047577af,,,neuro_mechanism,When did you stay composed under pressure?,,MECHANISM-THEORISED,,Non-Contact Boxing Development Map (PPBF),true,false
{{PPBF_ORG_ID}},txf_9e544d5d105119,drl_3d88d3047577af,,,life_skill_transfer,What does pressure make you do physically? — transfers as: What is one better response you can practice next round?,,COACHING INTENT,,Non-Contact Boxing Development Map (PPBF),true,true
{{PPBF_ORG_ID}},txf_76905f26ba2cda,drl_3d88d3047577af,,,cognitive_demand,What helped you reset emotionally?,,MECHANISM-THEORISED,,Non-Contact Boxing Development Map (PPBF),true,false
{{PPBF_ORG_ID}},txf_a93728102f39d6,drl_e4051935b6bc65,,,neuro_mechanism,When did you keep going even when you were tired?,,MECHANISM-THEORISED,,Non-Contact Boxing Development Map (PPBF),true,false
{{PPBF_ORG_ID}},txf_8235acf67bb4b7,drl_e4051935b6bc65,,,life_skill_transfer,What helped you push through discomfort without losing form? — transfers as: What did today teach you about handling hard things?,,COACHING INTENT,,Non-Contact Boxing Development Map (PPBF),true,true
{{PPBF_ORG_ID}},txf_277308ba55004c,drl_e4051935b6bc65,,,cognitive_demand,What drill asked the most of your mindset?,,MECHANISM-THEORISED,,Non-Contact Boxing Development Map (PPBF),true,false
{{PPBF_ORG_ID}},txf_9e6350ca3b2a6f,drl_6e7ed688a1a257,,,neuro_mechanism,When did you have to change the plan mid-drill?,,MECHANISM-THEORISED,,Non-Contact Boxing Development Map (PPBF),true,false
{{PPBF_ORG_ID}},txf_48734591234575,drl_6e7ed688a1a257,,,life_skill_transfer,"Did you force the same answer, or did you adjust? — transfers as: What did you notice before making your adjustment?",,COACHING INTENT,,Non-Contact Boxing Development Map (PPBF),true,true
{{PPBF_ORG_ID}},txf_0ebf413e88c6d5,drl_6e7ed688a1a257,,,cognitive_demand,Adaptability,,MECHANISM-THEORISED,,Non-Contact Boxing Development Map (PPBF),true,false
{{PPBF_ORG_ID}},txf_b17b6744bab15b,drl_1005575f0af8e3,,,neuro_mechanism,Decision-making,,MECHANISM-THEORISED,,Non-Contact Boxing Development Map (PPBF),true,false
{{PPBF_ORG_ID}},txf_0c5bae9b351a79,drl_1005575f0af8e3,,,life_skill_transfer,When did you make the right choice quickly? — transfers as: When did you act before reading the situation?,,COACHING INTENT,,Non-Contact Boxing Development Map (PPBF),true,true
{{PPBF_ORG_ID}},txf_194910028875e1,drl_1005575f0af8e3,,,cognitive_demand,What changed when you slowed down and read the cue first?,,MECHANISM-THEORISED,,Non-Contact Boxing Development Map (PPBF),true,false
{{PPBF_ORG_ID}},txf_7dda377b63eb66,drl_2aa59071e42e6a,,,neuro_mechanism,Where did patience improve your decision?,,MECHANISM-THEORISED,,Non-Contact Boxing Development Map (PPBF),true,false
{{PPBF_ORG_ID}},txf_342ce3fb3e2318,drl_2aa59071e42e6a,,,life_skill_transfer,Confidence — transfers as: What did you do today that you could not do a few weeks ago?,,COACHING INTENT,,Non-Contact Boxing Development Map (PPBF),true,true
{{PPBF_ORG_ID}},txf_0c0bd20c850fbb,drl_2aa59071e42e6a,,,cognitive_demand,What made one decision better than another?,,MECHANISM-THEORISED,,Non-Contact Boxing Development Map (PPBF),true,false
{{PPBF_ORG_ID}},txf_1219b45b52ca87,drl_fa0ea880b4369a,,,neuro_mechanism,What is one thing you are now more willing to try?,,MECHANISM-THEORISED,,Non-Contact Boxing Development Map (PPBF),true,false
{{PPBF_ORG_ID}},txf_2ab29f8cb82776,drl_fa0ea880b4369a,,,life_skill_transfer,When did you carry yourself differently today? — transfers as: Communication and coachability,,COACHING INTENT,,Non-Contact Boxing Development Map (PPBF),true,true
{{PPBF_ORG_ID}},txf_89f16fbf9f9ee8,drl_fa0ea880b4369a,,,cognitive_demand,Did your confidence come from hype or from execution?,,MECHANISM-THEORISED,,Non-Contact Boxing Development Map (PPBF),true,false
{{PPBF_ORG_ID}},txf_d482fa15964a98,drl_a80836d7877144,,,neuro_mechanism,Did you ask for help when you were unsure?,,MECHANISM-THEORISED,,Non-Contact Boxing Development Map (PPBF),true,false
{{PPBF_ORG_ID}},txf_e25cd5cab9624d,drl_a80836d7877144,,,life_skill_transfer,"Did you support your partner? — transfers as: Did you listen to understand, or just to respond?",,COACHING INTENT,,Non-Contact Boxing Development Map (PPBF),true,true
{{PPBF_ORG_ID}},txf_6d2a7a805f019e,drl_a80836d7877144,,,cognitive_demand,When did you need a reminder?,,MECHANISM-THEORISED,,Non-Contact Boxing Development Map (PPBF),true,false
{{PPBF_ORG_ID}},txf_d4ae7896bef390,drl_d737dcbf8fa62f,,,neuro_mechanism,"What today looked like school stress, work pressure, or conflict at home?",,MECHANISM-THEORISED,,Non-Contact Boxing Development Map (PPBF),true,false
{{PPBF_ORG_ID}},txf_db28a63c3ce39f,drl_d737dcbf8fa62f,,,life_skill_transfer,When could you use this reset skill outside the gym? — transfers as: What drill felt most like handling a hard conversation?,,COACHING INTENT,,Non-Contact Boxing Development Map (PPBF),true,true
{{PPBF_ORG_ID}},txf_1c9b85a3797357,drl_d737dcbf8fa62f,,,cognitive_demand,Where will you need the same patience this week?,,MECHANISM-THEORISED,,Non-Contact Boxing Development Map (PPBF),true,false
{{PPBF_ORG_ID}},txf_de7e1193ce29a3,drl_e07f1d61883fab,,,neuro_mechanism,What does controlled breathing in training help with outside training?,,MECHANISM-THEORISED,,Non-Contact Boxing Development Map (PPBF),true,false
{{PPBF_ORG_ID}},txf_f6aebaee7dab49,drl_e07f1d61883fab,,,life_skill_transfer,Coach observation questions — transfers as: Did the athlete recover quickly after mistakes?,,COACHING INTENT,,Non-Contact Boxing Development Map (PPBF),true,true
{{PPBF_ORG_ID}},txf_1aca741a5de6d1,drl_e07f1d61883fab,,,cognitive_demand,"When could you use “read first, act second” this week?",,MECHANISM-THEORISED,,Non-Contact Boxing Development Map (PPBF),true,false
{{PPBF_ORG_ID}},txf_cf435f156659c8,drl_af10805231527f,,,neuro_mechanism,Did the athlete stay engaged during lower-excitement drills?,,MECHANISM-THEORISED,,Non-Contact Boxing Development Map (PPBF),true,false
{{PPBF_ORG_ID}},txf_20522b68e35562,drl_af10805231527f,,,life_skill_transfer,Did the athlete demonstrate patience on timing-based drills? — transfers as: Did the athlete adapt when the task changed?,,COACHING INTENT,,Non-Contact Boxing Development Map (PPBF),true,true
{{PPBF_ORG_ID}},txf_a195328ac17e73,drl_af10805231527f,,,cognitive_demand,Did the athlete show better balance and body control as the session went on?,,MECHANISM-THEORISED,,Non-Contact Boxing Development Map (PPBF),true,false
{{PPBF_ORG_ID}},txf_468db85edce6c5,drl_47b009ee184cd4,,,neuro_mechanism,Exit ticket questions,,MECHANISM-THEORISED,,Non-Contact Boxing Development Map (PPBF),true,false
{{PPBF_ORG_ID}},txf_7556b979c122d3,drl_47b009ee184cd4,,,life_skill_transfer,What is one thing you improved today? — transfers as: What is one thing you will repeat next time?,,COACHING INTENT,,Non-Contact Boxing Development Map (PPBF),true,true
{{PPBF_ORG_ID}},txf_e9b35f6126cfbe,drl_47b009ee184cd4,,,cognitive_demand,Did the athlete show transfer language on their own?,,MECHANISM-THEORISED,,Non-Contact Boxing Development Map (PPBF),true,false
{{PPBF_ORG_ID}},txf_2c96b2137a04d3,drl_1190840fbd14fd,,,neuro_mechanism,Reaction Time,,MECHANISM-THEORISED,,Neuro_Boxing_LifeSkill_Matrix (PPBF),true,false
{{PPBF_ORG_ID}},txf_409d251fa39b86,drl_1190840fbd14fd,,,life_skill_transfer,Attention and quick decision making,,COACHING INTENT,,Neuro_Boxing_LifeSkill_Matrix (PPBF),true,true
{{PPBF_ORG_ID}},txf_3696f022c32e36,drl_01dced37d7a39c,,,neuro_mechanism,Hand-Eye Coordination,,MECHANISM-THEORISED,,Neuro_Boxing_LifeSkill_Matrix (PPBF),true,false
{{PPBF_ORG_ID}},txf_a44b014121fd9d,drl_01dced37d7a39c,,,life_skill_transfer,Focus and precision,,COACHING INTENT,,Neuro_Boxing_LifeSkill_Matrix (PPBF),true,true
{{PPBF_ORG_ID}},txf_02a2c1191f1093,drl_0cc7839525eaf6,,,neuro_mechanism,Rhythm Timing,,MECHANISM-THEORISED,,Neuro_Boxing_LifeSkill_Matrix (PPBF),true,false
{{PPBF_ORG_ID}},txf_2e70dc34affc23,drl_0cc7839525eaf6,,,life_skill_transfer,Emotional regulation,,COACHING INTENT,,Neuro_Boxing_LifeSkill_Matrix (PPBF),true,true
{{PPBF_ORG_ID}},txf_8a3eb939c41d1e,drl_a16d4f0074142e,,,neuro_mechanism,Balance,,MECHANISM-THEORISED,,Neuro_Boxing_LifeSkill_Matrix (PPBF),true,false
{{PPBF_ORG_ID}},txf_1ab2bc12009d9e,drl_a16d4f0074142e,,,life_skill_transfer,Stability under pressure,,COACHING INTENT,,Neuro_Boxing_LifeSkill_Matrix (PPBF),true,true
{{PPBF_ORG_ID}},txf_086d21e9ae04e8,drl_945f65773f596d,,,neuro_mechanism,Proprioception,,MECHANISM-THEORISED,,Neuro_Boxing_LifeSkill_Matrix (PPBF),true,false
{{PPBF_ORG_ID}},txf_f636c07921f9bb,drl_945f65773f596d,,,life_skill_transfer,Body awareness,,COACHING INTENT,,Neuro_Boxing_LifeSkill_Matrix (PPBF),true,true
{{PPBF_ORG_ID}},txf_cffd3cae62c6f5,drl_c6c9aaeed968fa,,,neuro_mechanism,Motor Planning,,MECHANISM-THEORISED,,Neuro_Boxing_LifeSkill_Matrix (PPBF),true,false
{{PPBF_ORG_ID}},txf_da4756ebe73754,drl_c6c9aaeed968fa,,,life_skill_transfer,Planning and sequencing,,COACHING INTENT,,Neuro_Boxing_LifeSkill_Matrix (PPBF),true,true
{{PPBF_ORG_ID}},txf_a87239fe4b0baf,drl_e71f746c5849bf,,,neuro_mechanism,Inhibitory Control,,MECHANISM-THEORISED,,Neuro_Boxing_LifeSkill_Matrix (PPBF),true,false
{{PPBF_ORG_ID}},txf_9e1c02f2d265da,drl_e71f746c5849bf,,,life_skill_transfer,Impulse control,,COACHING INTENT,,Neuro_Boxing_LifeSkill_Matrix (PPBF),true,true
{{PPBF_ORG_ID}},txf_0d2967af51406e,drl_db4e066aec0cdf,,,neuro_mechanism,Spatial Awareness,,MECHANISM-THEORISED,,Neuro_Boxing_LifeSkill_Matrix (PPBF),true,false
{{PPBF_ORG_ID}},txf_67ca0bcccc95c5,drl_db4e066aec0cdf,,,life_skill_transfer,Environmental awareness,,COACHING INTENT,,Neuro_Boxing_LifeSkill_Matrix (PPBF),true,true
{{PPBF_ORG_ID}},txf_5db647249e0e77,drl_9f23c00b72e31e,,,neuro_mechanism,Decision Making,,MECHANISM-THEORISED,,Neuro_Boxing_LifeSkill_Matrix (PPBF),true,false
{{PPBF_ORG_ID}},txf_d4c7585ac1eb00,drl_9f23c00b72e31e,,,life_skill_transfer,Strategic thinking,,COACHING INTENT,,Neuro_Boxing_LifeSkill_Matrix (PPBF),true,true
{{PPBF_ORG_ID}},txf_4ecbd3f921a37d,drl_fa40b1e32db9db,,,neuro_mechanism,Pattern Recognition,,MECHANISM-THEORISED,,Neuro_Boxing_LifeSkill_Matrix (PPBF),true,false
{{PPBF_ORG_ID}},txf_e495c325952e74,drl_fa40b1e32db9db,,,life_skill_transfer,Reading patterns,,COACHING INTENT,,Neuro_Boxing_LifeSkill_Matrix (PPBF),true,true
