table,row_id,field,before_json
source,src_00c5cf14f2692175,authority_tier,3
source,src_00c5cf14f2692175,metadata.merged_duplicate_source_ids,
source,src_00c5cf14f2692175,metadata.tier_conflict,
source,src_00ca4b7bd265e287,status,"""active"""
source,src_01555200f22b350d,status,"""active"""
source,src_0185518d337b2fda,status,"""active"""
source,src_01d47b0829102ed2,metadata.merged_duplicate_source_ids,
source,src_0223e0983fa51e51,status,"""active"""
source,src_0259314f28081a08,metadata.misresolved_verified_title,
source,src_0259314f28081a08,metadata.verification_status,"""RESOLVED"""
source,src_0259314f28081a08,metadata.verified_title,"""Youssef's syndrome."""
source,src_02ac7d718015f5fc,metadata.merged_duplicate_source_ids,
source,src_02ac7d718015f5fc,metadata.tier_conflict,
source,src_04762709068b6013,metadata.merged_duplicate_source_ids,
source,src_04799ac793776425,authority_tier,4
source,src_04799ac793776425,metadata.merged_duplicate_source_ids,
source,src_04799ac793776425,metadata.misresolved_verified_title,
source,src_04799ac793776425,metadata.tier_conflict,
source,src_04799ac793776425,metadata.verification_status,"""RESOLVED"""
source,src_04799ac793776425,metadata.verified_title,"""DNA-testing for Huntington's disease in The Netherlands: a retrospective study on psychosocial effects."""
source,src_04f3cca2743a7757,status,"""active"""
source,src_0515004c343597e9,metadata.misresolved_verified_title,
source,src_0515004c343597e9,metadata.verification_status,"""RESOLVED"""
source,src_0515004c343597e9,metadata.verified_title,"""Do judges enhance home advantage in European championship boxing?"""
source,src_05353985d506ebd7,status,"""active"""
source,src_055eed241e48688d,status,"""active"""
source,src_05600d8d1b52180d,metadata.misresolved_verified_title,
source,src_05600d8d1b52180d,metadata.verification_status,"""RESOLVED"""
source,src_05600d8d1b52180d,metadata.verified_title,"""Effects of northbound long-haul international air travel on sleep quantity and subjective jet lag and wellness in professional Australian soccer players."""
source,src_0583a40df72113d0,metadata.merged_duplicate_source_ids,
source,src_05a37ebe054ad989,metadata.misresolved_verified_title,
source,src_05a37ebe054ad989,metadata.verification_status,"""RESOLVED"""
source,src_05a37ebe054ad989,metadata.verified_title,"""[Letter: Preventive chemotherapy of tuberculosis]."""
source,src_05b34159ee4a15da,status,"""active"""
source,src_05b97418e93ee4c8,status,"""active"""
source,src_05f7ffab242829ca,metadata.misresolved_verified_title,
source,src_05f7ffab242829ca,metadata.verification_status,"""RESOLVED"""
source,src_05f7ffab242829ca,metadata.verified_title,"""Estradiol modulation of plasminogen activator production in organ cultures of human breast carcinomas: correlation with clinical outcome of anti-estrogen therapy."""
source,src_07a12a44088278f0,metadata.merged_duplicate_source_ids,
source,src_07a12a44088278f0,metadata.tier_conflict,
source,src_07f43264ffabd40f,metadata.misresolved_verified_title,
source,src_07f43264ffabd40f,metadata.verification_status,"""RESOLVED"""
source,src_07f43264ffabd40f,metadata.verified_title,"""Ingested protein dose response of muscle and albumin protein synthesis after resistance exercise in young men."""
source,src_086fc22186a50994,status,"""active"""
source,src_08a98da9096965b2,status,"""active"""
source,src_0ada4233fb93e7a8,metadata.merged_duplicate_source_ids,
source,src_0b4f8ca11b46e297,metadata.misresolved_verified_title,
source,src_0b4f8ca11b46e297,metadata.verification_status,"""RESOLVED"""
source,src_0b4f8ca11b46e297,metadata.verified_title,"""Boxing headguard performance in punch machine tests"""
source,src_0d103bfe6bedf7ca,metadata.merged_duplicate_source_ids,
source,src_0d6c6dc1cdf11ac9,status,"""active"""
source,src_0d96cf0e3d582c26,status,"""active"""
source,src_0eac1438f8fbf658,status,"""active"""
source,src_0eb2c2164cfc1daf,metadata.misresolved_verified_title,
source,src_0eb2c2164cfc1daf,metadata.verification_status,"""RESOLVED"""
source,src_0eb2c2164cfc1daf,metadata.verified_title,"""The fun integration theory: toward sustaining children and adolescents sport participation."""
source,src_0f5b11a6ddf2ef1b,authority_tier,4
source,src_0f5b11a6ddf2ef1b,metadata.merged_duplicate_source_ids,
source,src_0f5b11a6ddf2ef1b,metadata.tier_conflict,
source,src_101df6587d8f7ca0,metadata.merged_duplicate_source_ids,
source,src_102da638fcf4fd8b,status,"""active"""
source,src_107806a99c912127,status,"""active"""
source,src_11f183ce629b8b03,metadata.misresolved_verified_title,
source,src_11f183ce629b8b03,metadata.verification_status,"""RESOLVED"""
source,src_11f183ce629b8b03,metadata.verified_title,"""The specific IL-1 inhibitor from the human M20 cell line is distinct from the IL-1 receptor antagonist."""
source,src_122168f963877470,metadata.misresolved_verified_title,
source,src_122168f963877470,metadata.verification_status,"""RESOLVED"""
source,src_122168f963877470,metadata.verified_title,"""CO2 laser anterior turbinectomy in the treatment of non-allergic vasomotor rhinopathia. A prospective study upon 78 patients."""
source,src_1265786e255add66,status,"""active"""
source,src_12825d713ef0f021,metadata.misresolved_verified_title,
source,src_12825d713ef0f021,metadata.verification_status,"""RESOLVED"""
source,src_12825d713ef0f021,metadata.verified_title,"""The Practice of Weight Loss in Combat Sports Athletes: A Systematic Review"""
source,src_12dcdbc04ea8e488,metadata.merged_duplicate_source_ids,
source,src_12f9705eca563ce6,status,"""active"""
source,src_133574147f2e7ab9,metadata.misresolved_verified_title,
source,src_133574147f2e7ab9,metadata.verification_status,"""RESOLVED"""
source,src_133574147f2e7ab9,metadata.verified_title,"""International Society of Sports Nutrition position stand: sodium bicarbonate and exercise performance."""
source,src_1369cc003497a7dc,status,"""active"""
source,src_14b92b9230039d74,status,"""active"""
source,src_14d360d7fede8056,metadata.merged_duplicate_source_ids,
source,src_14d360d7fede8056,metadata.misresolved_verified_title,
source,src_14d360d7fede8056,metadata.verification_status,"""RESOLVED"""
source,src_14d360d7fede8056,metadata.verified_title,"""[Radiotherapy and inhibitors of epidermal growth factor receptor: preclinical findings and preliminary clinical trials]."""
source,src_1595ad7d7a53440b,metadata.merged_duplicate_source_ids,
source,src_15a3c9b7f2dcc387,status,"""active"""
source,src_15c85cdb41e183fd,status,"""active"""
source,src_166de28d9a3be538,metadata.misresolved_verified_title,
source,src_166de28d9a3be538,metadata.verification_status,"""RESOLVED"""
source,src_166de28d9a3be538,metadata.verified_title,"""Patient safety incident reporting systems and reporting practices in African healthcare organisations: a systematic review and meta-analysis."""
source,src_17628a57add3c0d6,metadata.merged_duplicate_source_ids,
source,src_1773ffaed3b19cb4,metadata.misresolved_verified_title,
source,src_1773ffaed3b19cb4,metadata.verification_status,"""RESOLVED"""
source,src_1773ffaed3b19cb4,metadata.verified_title,"""Mouthguard use in youth ice hockey and the risk of concussion: nested case-control study of 315 cases."""
source,src_193a94c4c86b2eef,status,"""active"""
source,src_19baa8c0d7d35ef8,metadata.misresolved_verified_title,
source,src_19baa8c0d7d35ef8,metadata.verification_status,"""RESOLVED"""
source,src_19baa8c0d7d35ef8,metadata.verified_title,"""Microbial Contamination and Disinfection of Sport Mouthguard: In Vitro Study."""
source,src_19f669da38b4dc35,status,"""active"""
source,src_1a48d1e5972cea2a,status,"""active"""
source,src_1a4c3b91f144c72d,metadata.misresolved_verified_title,
source,src_1a4c3b91f144c72d,metadata.verification_status,"""RESOLVED"""
source,src_1a4c3b91f144c72d,metadata.verified_title,"""Chronic pain in the classroom: teachers' attributions about the causes of chronic pain."""
source,src_1a9398027142fdcb,status,"""active"""
source,src_1acc381bc76dde07,status,"""active"""
source,src_1b68715e773550e0,status,"""active"""
source,src_1bb859f4784346a6,metadata.misresolved_verified_title,
source,src_1bb859f4784346a6,metadata.verification_status,"""RESOLVED"""
source,src_1bb859f4784346a6,metadata.verified_title,"""Development of a Skill Acquisition Periodisation Framework for High-Performance Sport"""
source,src_1bd38536cbb6f470,status,"""active"""
source,src_1c5e3e2954e97434,metadata.misresolved_verified_title,
source,src_1c5e3e2954e97434,metadata.verification_status,"""RESOLVED"""
source,src_1c5e3e2954e97434,metadata.verified_title,"""Genotoxic markers among butadiene polymer workers in China."""
source,src_1d6e6a7407ae2095,status,"""active"""
source,src_1e9a92bf4787b14b,metadata.merged_duplicate_source_ids,
source,src_1e9a92bf4787b14b,metadata.misresolved_verified_title,
source,src_1e9a92bf4787b14b,metadata.tier_conflict,
source,src_1e9a92bf4787b14b,metadata.verification_status,"""RESOLVED"""
source,src_1e9a92bf4787b14b,metadata.verified_title,"""The Role of Lower Limb Kinetics in Boxing Punches and the Impact of Fatigue on Biomechanical Performance"""
source,src_1f93a95cc72950c3,authority_tier,4
source,src_1f93a95cc72950c3,metadata.merged_duplicate_source_ids,
source,src_1f93a95cc72950c3,metadata.tier_conflict,
source,src_1fcbea0f1d340109,status,"""active"""
source,src_2111449e5d3f7092,metadata.misresolved_verified_title,
source,src_2111449e5d3f7092,metadata.verification_status,"""RESOLVED"""
source,src_2111449e5d3f7092,metadata.verified_title,"""Effects of Weight Cutting on Exercise Performance in Combat Athletes: A Meta-Analysis."""
source,src_211dcf9db38440b5,status,"""active"""
source,src_213a114df6e6d202,status,"""active"""
source,src_22a32d36b56d134b,metadata.misresolved_verified_title,
source,src_22a32d36b56d134b,metadata.verification_status,"""RESOLVED"""
source,src_22a32d36b56d134b,metadata.verified_title,"""Meta-analysis by random effect modelling in generalized linear models."""
source,src_22c25776bffd353d,status,"""active"""
source,src_2328d555a9e647c6,metadata.merged_duplicate_source_ids,
source,src_23484705cd4b71db,status,"""active"""
source,src_23b516d709ede63a,status,"""active"""
source,src_2615bd0775b405ba,metadata.misresolved_verified_title,
source,src_2615bd0775b405ba,metadata.verification_status,"""RESOLVED"""
source,src_2615bd0775b405ba,metadata.verified_title,"""Current topics in viral hepatitis."""
source,src_26f66c9b5400d0fb,status,"""active"""
source,src_270925ff5cfb01fa,metadata.misresolved_verified_title,
source,src_270925ff5cfb01fa,metadata.verification_status,"""RESOLVED"""
source,src_270925ff5cfb01fa,metadata.verified_title,"""Impact of mouthguards on the prevention of dentofacial injuries and sports performance among athletes: An umbrella review."""
source,src_2737b75ee9dd2130,metadata.misresolved_verified_title,
source,src_2737b75ee9dd2130,metadata.verification_status,"""RESOLVED"""
source,src_2737b75ee9dd2130,metadata.verified_title,"""The Practice of Weight Loss in Combat Sports Athletes: A Systematic Review."""
source,src_27bc3eea52cb8247,metadata.misresolved_verified_title,
source,src_27bc3eea52cb8247,metadata.verification_status,"""RESOLVED"""
source,src_27bc3eea52cb8247,metadata.verified_title,"""More Feedback Is Better than Less: Learning a Novel Upper Limb Joint Coordination Pattern with Augmented Auditory Feedback."""
source,src_29623301b0822dd4,status,"""active"""
source,src_2b13e10db18c4be2,metadata.merged_duplicate_source_ids,
source,src_2b13e10db18c4be2,metadata.tier_conflict,
source,src_2d1c35f12f31fad5,metadata.misresolved_verified_title,
source,src_2d1c35f12f31fad5,metadata.verification_status,"""RESOLVED"""
source,src_2d1c35f12f31fad5,metadata.verified_title,"""The role of nitric oxide in serotonin-induced relaxations in the canine terminal ileum and ileocolonic junction."""
source,src_2d63a905739f6a14,status,"""active"""
source,src_2d9aa632ec523cb3,metadata.misresolved_verified_title,
source,src_2d9aa632ec523cb3,metadata.verification_status,"""RESOLVED"""
source,src_2d9aa632ec523cb3,metadata.verified_title,"""A scoping review of rapid weight loss in judo athletes: prevalence, magnitude, effects on performance, risks, and recommendations."""
source,src_2e8c1e1f7f022671,metadata.misresolved_verified_title,
source,src_2e8c1e1f7f022671,metadata.verification_status,"""RESOLVED"""
source,src_2e8c1e1f7f022671,metadata.verified_title,"""Closed Sagittal Band Injury of the Metacarpophalangeal Joint."""
source,src_2ed6fae07b77c8f4,metadata.misresolved_verified_title,
source,src_2ed6fae07b77c8f4,metadata.verification_status,"""RESOLVED"""
source,src_2ed6fae07b77c8f4,metadata.verified_title,"""Neuromodulation during motor development and behavior."""
source,src_2ee85068f64e6ee2,status,"""active"""
source,src_2fb16fa7565af411,metadata.misresolved_verified_title,
source,src_2fb16fa7565af411,metadata.verification_status,"""RESOLVED"""
source,src_2fb16fa7565af411,metadata.verified_title,"""Blood borne infections in sport: risks of transmission, methods of prevention, and recommendations for hepatitis B vaccination."""
source,src_31f80dc5c323b5eb,metadata.misresolved_verified_title,
source,src_31f80dc5c323b5eb,metadata.verification_status,"""RESOLVED"""
source,src_31f80dc5c323b5eb,metadata.verified_title,"""Differential responses of infectious diseases to economic growth in China."""
source,src_329ce6fbf5d93712,metadata.misresolved_verified_title,
source,src_329ce6fbf5d93712,metadata.verification_status,"""RESOLVED"""
source,src_329ce6fbf5d93712,metadata.verified_title,"""CO2 laser anterior turbinectomy in the treatment of non-allergic vasomotor rhinopathia. A prospective study upon 78 patients."""
source,src_33c6cbbd99767b20,status,"""active"""
source,src_33d8c3ad760480e0,metadata.merged_duplicate_source_ids,
source,src_34239cfffe34deef,metadata.misresolved_verified_title,
source,src_34239cfffe34deef,metadata.verification_status,"""RESOLVED"""
source,src_34239cfffe34deef,metadata.verified_title,"""A novel, non-nucleoside inhibitor of HIV-1 reverse transcriptase."""
source,src_34ea234f0ea976a6,metadata.merged_duplicate_source_ids,
source,src_34ea234f0ea976a6,metadata.misresolved_verified_title,
source,src_34ea234f0ea976a6,metadata.verification_status,"""RESOLVED"""
source,src_34ea234f0ea976a6,metadata.verified_title,"""[Prevalence of hereditary diseases in three-year-old Swiss Warmblood horses]."""
source,src_350537cd40a36e45,status,"""active"""
source,src_358e44c99587fa1e,metadata.misresolved_verified_title,
source,src_358e44c99587fa1e,metadata.verification_status,"""RESOLVED"""
source,src_358e44c99587fa1e,metadata.verified_title,"""Hiroshima-like neutrons from A-bomb replica: physical basis for their use in biological experiments."""
source,src_35f060fa5e73aa63,status,"""active"""
source,src_35fc75290aae9e91,status,"""active"""
source,src_360144ca30330cbd,metadata.merged_duplicate_source_ids,
source,src_360144ca30330cbd,metadata.tier_conflict,
source,src_3715053a02d91060,status,"""active"""
source,src_386a67d70b605542,metadata.merged_duplicate_source_ids,
source,src_399bd94d6a04393a,metadata.misresolved_verified_title,
source,src_399bd94d6a04393a,metadata.verification_status,"""RESOLVED"""
source,src_399bd94d6a04393a,metadata.verified_title,"""Evaluation of non-response bias in a cohort study of World Trade Center terrorist attack survivors."""
source,src_39ca0879b9087b6c,metadata.misresolved_verified_title,
source,src_39ca0879b9087b6c,metadata.verification_status,"""RESOLVED"""
source,src_39ca0879b9087b6c,metadata.verified_title,"""Overuse injuries and burnout in youth sports: a position statement from the American Medical Society for Sports Medicine."""
source,src_3a50d0387cf4d088,status,"""active"""
source,src_3a52ae929e762a4b,metadata.misresolved_verified_title,
source,src_3a52ae929e762a4b,metadata.verification_status,"""RESOLVED"""
source,src_3a52ae929e762a4b,metadata.verified_title,"""Biomechanical assessment of various punching techniques."""
source,src_3ace194fbb7934d5,metadata.misresolved_verified_title,
source,src_3ace194fbb7934d5,metadata.verification_status,"""RESOLVED"""
source,src_3ace194fbb7934d5,metadata.verified_title,"""Barriers to the Implementation of State Concussion Laws Within High Schools."""
source,src_3b15d3e1a8c61e58,status,"""active"""
source,src_3c0d6488968bd07d,status,"""active"""
source,src_3c5b6e9f343f0fa2,metadata.misresolved_verified_title,
source,src_3c5b6e9f343f0fa2,metadata.verification_status,"""RESOLVED"""
source,src_3c5b6e9f343f0fa2,metadata.verified_title,"""Tinea gladiatorum: wrestling's emerging foe."""
source,src_3ca2059fb5ba13f6,metadata.misresolved_verified_title,
source,src_3ca2059fb5ba13f6,metadata.verification_status,"""RESOLVED"""
source,src_3ca2059fb5ba13f6,metadata.verified_title,"""Analysis of the pancreatic-ribonuclease-digestion products of alfalfa-mosaic-virus ribonucleic acid. Sequence homologies between the different RNAs."""
source,src_3d4df8639b311816,metadata.merged_duplicate_source_ids,
source,src_3e555ea54c0d0758,status,"""active"""
source,src_40a26d4b943ccd02,status,"""active"""
source,src_412dee7701bc32ab,metadata.misresolved_verified_title,
source,src_412dee7701bc32ab,metadata.verification_status,"""RESOLVED"""
source,src_412dee7701bc32ab,metadata.verified_title,"""Effects of the 5-HT3 receptor antagonist, ICS 205-930, on oesophageal motor activity and on lower oesophageal sphincter pressure: a double-blind cross-over study."""
source,src_419cce35b3f57018,status,"""active"""
source,src_4215cbfcface6504,metadata.merged_duplicate_source_ids,
source,src_4215cbfcface6504,metadata.tier_conflict,
source,src_42a0c335bca19252,status,"""active"""
source,src_42ad976698f90cdf,metadata.merged_duplicate_source_ids,
source,src_42d9d00a6eadab00,metadata.misresolved_verified_title,
source,src_42d9d00a6eadab00,metadata.verification_status,"""RESOLVED"""
source,src_42d9d00a6eadab00,metadata.verified_title,"""Not all insulin-like growth factor-binding proteins (IGFBPs) are detectable by western ligand blotting: case studies of PC12 pheochromocytoma and rat anterior pituitary IGFBPs and proteolyzed IGFBP-3."""
source,src_43614d5c172b8c97,metadata.merged_duplicate_source_ids,
source,src_43614d5c172b8c97,metadata.misresolved_verified_title,
source,src_43614d5c172b8c97,metadata.verification_status,"""RESOLVED"""
source,src_43614d5c172b8c97,metadata.verified_title,"""A comparison of the modes of actions of human salivary and pancreatic alpha-amylases on modified maltooligosaccharides."""
source,src_461125b5c348946e,metadata.misresolved_verified_title,
source,src_461125b5c348946e,metadata.verification_status,"""RESOLVED"""
source,src_461125b5c348946e,metadata.verified_title,"""Performance among different types of myocontrolled tasks is not related"""
source,src_46571aaaedbe3970,status,"""active"""
source,src_46bb3f9e8042b9e1,metadata.misresolved_verified_title,
source,src_46bb3f9e8042b9e1,metadata.verification_status,"""RESOLVED"""
source,src_46bb3f9e8042b9e1,metadata.verified_title,"""Blood borne infections in sport: risks of transmission, methods of prevention, and recommendations for hepatitis B vaccination."""
source,src_47ec5a3d778fd785,metadata.merged_duplicate_source_ids,
source,src_48f15047e720c652,status,"""active"""
source,src_49578b521b2f6ddf,metadata.merged_duplicate_source_ids,
source,src_49ce1140e323ce20,metadata.merged_duplicate_source_ids,
source,src_49ce1140e323ce20,metadata.misresolved_verified_title,
source,src_49ce1140e323ce20,metadata.tier_conflict,
source,src_49ce1140e323ce20,metadata.verification_status,"""RESOLVED"""
source,src_49ce1140e323ce20,metadata.verified_title,"""[Prevalence of hereditary diseases in three-year-old Swiss Warmblood horses]."""
source,src_4b3d9fb41973b614,status,"""active"""
source,src_4c5acf4137b80818,metadata.misresolved_verified_title,
source,src_4c5acf4137b80818,metadata.verification_status,"""RESOLVED"""
source,src_4c5acf4137b80818,metadata.verified_title,"""International Olympic Committee consensus statement on youth athletic development."""
source,src_4cbb9cce7be56a89,metadata.misresolved_verified_title,
source,src_4cbb9cce7be56a89,metadata.verification_status,"""RESOLVED"""
source,src_4cbb9cce7be56a89,metadata.verified_title,"""Evolving spectrum of mortality and morbidity in SLE."""
source,src_4cd2670bc4fcaf22,metadata.misresolved_verified_title,
source,src_4cd2670bc4fcaf22,metadata.verification_status,"""RESOLVED"""
source,src_4cd2670bc4fcaf22,metadata.verified_title,"""Meta-analysis by random effect modelling in generalized linear models."""
source,src_4e53c7586cfe5ce9,metadata.misresolved_verified_title,
source,src_4e53c7586cfe5ce9,metadata.verification_status,"""RESOLVED"""
source,src_4e53c7586cfe5ce9,metadata.verified_title,"""Restoration of Muscle Glycogen and Functional Capacity: Role of Post-Exercise Carbohydrate and Protein Co-Ingestion."""
source,src_4f2844823fe26d27,metadata.misresolved_verified_title,
source,src_4f2844823fe26d27,metadata.verification_status,"""RESOLVED"""
source,src_4f2844823fe26d27,metadata.verified_title,"""Contact Breast Injuries Among Female Athletes: A Systematic Review."""
source,src_4f3d4c5506dd8ebf,status,"""active"""
source,src_4f5ef0cf948e998a,metadata.misresolved_verified_title,
source,src_4f5ef0cf948e998a,metadata.verification_status,"""RESOLVED"""
source,src_4f5ef0cf948e998a,metadata.verified_title,"""[Prevalence of hereditary diseases in three-year-old Swiss Warmblood horses]."""
source,src_500bf5dcb397d73f,metadata.misresolved_verified_title,
source,src_500bf5dcb397d73f,metadata.verification_status,"""RESOLVED"""
source,src_500bf5dcb397d73f,metadata.verified_title,"""Lipopolysaccharide O antigen size distribution is determined by a chain extension complex of variable stoichiometry in Escherichia coli O9a."""
source,src_528520e59f6ab119,metadata.misresolved_verified_title,
source,src_528520e59f6ab119,metadata.verification_status,"""RESOLVED"""
source,src_528520e59f6ab119,metadata.verified_title,"""[An outstanding internist and medical historian (On the seventy-fifth anniversary of the birth and the fiftieth anniversary of medical, scientific pedagogic and social activity of L. A. Oganesiana)]."""
source,src_52ebf7760709b448,status,"""active"""
source,src_541d0a9e8defc454,metadata.merged_duplicate_source_ids,
source,src_554b38a51bf33642,status,"""active"""
source,src_5556e0a18073c8a0,status,"""active"""
source,src_56037c59eb7db7d9,status,"""active"""
source,src_56961b5f243e4125,metadata.merged_duplicate_source_ids,
source,src_571f89ab1cfb3844,status,"""active"""
source,src_5901b045b175f9dc,metadata.misresolved_verified_title,
source,src_5901b045b175f9dc,metadata.verification_status,"""RESOLVED"""
source,src_5901b045b175f9dc,metadata.verified_title,"""Effects of Rapid Weight Loss on Balance and Reaction Time in Elite Judo Athletes."""
source,src_5b4927731361e4d6,status,"""active"""
source,src_5bf01cb43a5c069e,status,"""active"""
source,src_5c379d755a71544a,status,"""active"""
source,src_5cdafb754e8ca385,status,"""active"""
source,src_5e54ca6b3b0cfbdc,status,"""active"""
source,src_5f2acadd988b7218,metadata.misresolved_verified_title,
source,src_5f2acadd988b7218,metadata.verification_status,"""RESOLVED"""
source,src_5f2acadd988b7218,metadata.verified_title,"""The long-term hydriding and dehydriding stability of the nanoscale LiNH2+LiH hydrogen storage system."""
source,src_5f331ce983e664b5,metadata.misresolved_verified_title,
source,src_5f331ce983e664b5,metadata.verification_status,"""RESOLVED"""
source,src_5f331ce983e664b5,metadata.verified_title,"""The in vivo study of cardiac mechano-electric and mechano-mechanical coupling during heart development in zebrafish."""
source,src_5f792aad39cb3b21,status,"""active"""
source,src_602118c409e4f793,metadata.misresolved_verified_title,
source,src_602118c409e4f793,metadata.verification_status,"""RESOLVED"""
source,src_602118c409e4f793,metadata.verified_title,"""Participants' perceptions of dimensions of the therapeutic alliance over the course of therapy."""
source,src_606873807a38d054,metadata.merged_duplicate_source_ids,
source,src_606873807a38d054,metadata.tier_conflict,
source,src_60c71dd82fe5eac5,metadata.merged_duplicate_source_ids,
source,src_60eb0e214aeff64c,metadata.merged_duplicate_source_ids,
source,src_61669f3638700fac,status,"""active"""
source,src_62cbc814c6c7767e,status,"""active"""
source,src_63260beb6a9d7b14,status,"""active"""
source,src_6493f6921e01f80c,metadata.misresolved_verified_title,
source,src_6493f6921e01f80c,metadata.verification_status,"""RESOLVED"""
source,src_6493f6921e01f80c,metadata.verified_title,"""Multiple imputation using chained equations: Issues and guidance for practice"""
source,src_6584efb8d1c60bea,status,"""active"""
source,src_6597cd4231cd2db1,status,"""active"""
source,src_65b11bbdccacc1e5,status,"""active"""
source,src_669d131a78cdd0a1,status,"""active"""
source,src_6747a9200dafc85f,status,"""active"""
source,src_675e366f55b9b351,metadata.merged_duplicate_source_ids,
source,src_67964d4ce0413cbb,status,"""active"""
source,src_67b1c387aa543202,status,"""active"""
source,src_68654d8d78f432e8,metadata.merged_duplicate_source_ids,
source,src_6909b61b439332f9,metadata.merged_duplicate_source_ids,
source,src_6a114cd3da2c1bc7,status,"""active"""
source,src_6af48c252690e58c,metadata.merged_duplicate_source_ids,
source,src_6af48c252690e58c,metadata.misresolved_verified_title,
source,src_6af48c252690e58c,metadata.verification_status,"""RESOLVED"""
source,src_6af48c252690e58c,metadata.verified_title,"""Production of infectious particles from defective human immunodeficiency virus type 1 (HIV-1)-producing cell clones by superinfection with infectious HIV-1."""
source,src_6be5ebf671472949,status,"""active"""
source,src_6d114dbc7f6375eb,status,"""active"""
source,src_6dda270c33ec4fa6,metadata.merged_duplicate_source_ids,
source,src_6ddcce8a95d622f4,status,"""active"""
source,src_6e1ea32e7dec268e,metadata.misresolved_verified_title,
source,src_6e1ea32e7dec268e,metadata.verification_status,"""RESOLVED"""
source,src_6e1ea32e7dec268e,metadata.verified_title,"""Primary leptomeningeal glioma: ultrastructural and laminin immunohistochemical studies."""
source,src_6e661ddd6c941776,status,"""active"""
source,src_6e984a5737ab32fe,metadata.misresolved_verified_title,
source,src_6e984a5737ab32fe,metadata.verification_status,"""RESOLVED"""
source,src_6e984a5737ab32fe,metadata.verified_title,"""Ofloxacin vs ciprofloxacin: a comparison."""
source,src_6f3abc682533a73f,metadata.misresolved_verified_title,
source,src_6f3abc682533a73f,metadata.verification_status,"""RESOLVED"""
source,src_6f3abc682533a73f,metadata.verified_title,"""Consensus statement on concussion in sport: the 6th International Conference on Concussion in Sport-Amsterdam, October 2022."""
source,src_6f96e88009764a18,metadata.merged_duplicate_source_ids,
source,src_6f96e88009764a18,metadata.misresolved_verified_title,
source,src_6f96e88009764a18,metadata.verification_status,"""RESOLVED"""
source,src_6f96e88009764a18,metadata.verified_title,"""[Effect of the multiple administration of hydrocortisone on the ultrastructure of the lymph nodes of rabbits]."""
source,src_70529e8420745da2,status,"""active"""
source,src_7087326db93e25fe,metadata.misresolved_verified_title,
source,src_7087326db93e25fe,metadata.verification_status,"""RESOLVED"""
source,src_7087326db93e25fe,metadata.verified_title,"""Methicillin-resistant Staphylococcus aureus infections in collegiate football players."""
source,src_71ca14f2de879433,status,"""active"""
source,src_728bf6e8e1413257,status,"""active"""
source,src_729c6bd977fac3ff,metadata.misresolved_verified_title,
source,src_729c6bd977fac3ff,metadata.verification_status,"""RESOLVED"""
source,src_729c6bd977fac3ff,metadata.verified_title,"""Rapid Weight Loss of Up to Five Percent of the Body Mass in Less Than 7 Days Does Not Affect Physical Performance in Official Olympic Combat Athletes With Weight Classes: A Systematic Review With Meta-Analysis."""
source,src_7383361f54acaff2,metadata.merged_duplicate_source_ids,
source,src_7383361f54acaff2,metadata.tier_conflict,
source,src_73e3bd0a9ccc0bcd,metadata.misresolved_verified_title,
source,src_73e3bd0a9ccc0bcd,metadata.verification_status,"""RESOLVED"""
source,src_73e3bd0a9ccc0bcd,metadata.verified_title,"""[Prevalence of hereditary diseases in three-year-old Swiss Warmblood horses]."""
source,src_74048a9ac3901b79,status,"""active"""
source,src_74442147ceeb2f1b,metadata.misresolved_verified_title,
source,src_74442147ceeb2f1b,metadata.verification_status,"""RESOLVED"""
source,src_74442147ceeb2f1b,metadata.verified_title,"""Genes for Drosophila small heat shock proteins are regulated differently by ecdysterone."""
source,src_74451032f85ddc38,status,"""active"""
source,src_751165b92594161f,metadata.merged_duplicate_source_ids,
source,src_751165b92594161f,metadata.misresolved_verified_title,
source,src_751165b92594161f,metadata.verification_status,"""RESOLVED"""
source,src_751165b92594161f,metadata.verified_title,"""Capturing Head Impacts in Boxing: A Video-Based Comparison of Three Wearable Sensors"""
source,src_757e89a1d447cfe4,metadata.misresolved_verified_title,
source,src_757e89a1d447cfe4,metadata.verification_status,"""RESOLVED"""
source,src_757e89a1d447cfe4,metadata.verified_title,"""The youth rally experience!"""
source,src_75c36832e73b03bb,status,"""active"""
source,src_75dd08ee2ba5f360,metadata.misresolved_verified_title,
source,src_75dd08ee2ba5f360,metadata.verification_status,"""RESOLVED"""
source,src_75dd08ee2ba5f360,metadata.verified_title,"""2014 Female Athlete Triad Coalition Consensus Statement on Treatment and Return to Play of the Female Athlete Triad: 1st International Conference held in San Francisco, California, May 2012 and 2nd International Conference held in Indianapolis, Indiana, May 2013."""
source,src_764cdc36a98bd900,metadata.misresolved_verified_title,
source,src_764cdc36a98bd900,metadata.verification_status,"""RESOLVED"""
source,src_764cdc36a98bd900,metadata.verified_title,"""Effects of mental fatigue on technical performance in soccer players: A systematic review with a meta-analysis."""
source,src_76ac77b073eabe99,metadata.misresolved_verified_title,
source,src_76ac77b073eabe99,metadata.verification_status,"""RESOLVED"""
source,src_76ac77b073eabe99,metadata.verified_title,"""Systemic and renal fibrinolytic activity in a patient with anticardiolipin syndrome and renal thrombotic microangiopathy."""
source,src_76cd5098db4d4a9c,status,"""active"""
source,src_7761542c81b6905d,status,"""active"""
source,src_78b11092915d061d,status,"""active"""
source,src_79b234b2cf48b93a,metadata.misresolved_verified_title,
source,src_79b234b2cf48b93a,metadata.verification_status,"""RESOLVED"""
source,src_79b234b2cf48b93a,metadata.verified_title,"""International Society of Sports Nutrition position stand: safety and efficacy of creatine supplementation in exercise, sport, and medicine."""
source,src_79d5bd7bc1be0ef3,status,"""active"""
source,src_7a531f4464e16a38,status,"""active"""
source,src_7adea294cbdd97c9,status,"""active"""
source,src_7b419a624e6adf6d,status,"""active"""
source,src_7bd39277840d677c,status,"""active"""
source,src_7c83077fe2582df8,metadata.merged_duplicate_source_ids,
source,src_7c83077fe2582df8,metadata.tier_conflict,
source,src_7caf5708772ec467,metadata.merged_duplicate_source_ids,
source,src_7cca2c3d8f6290d6,status,"""active"""
source,src_7cd7d117ede43127,status,"""active"""
source,src_7d883f79b9520654,status,"""active"""
source,src_7e95a5d634009c4a,status,"""active"""
source,src_7ef9d378d03ce854,status,"""active"""
source,src_7f3259e5043df5d1,status,"""active"""
source,src_7f725a56433dd082,metadata.misresolved_verified_title,
source,src_7f725a56433dd082,metadata.verification_status,"""RESOLVED"""
source,src_7f725a56433dd082,metadata.verified_title,"""Learning through observation: a combination of expert and novice models favors learning."""
source,src_7f9342c1d418d5e5,metadata.merged_duplicate_source_ids,
source,src_8078c840b866b476,metadata.misresolved_verified_title,
source,src_8078c840b866b476,metadata.verification_status,"""RESOLVED"""
source,src_8078c840b866b476,metadata.verified_title,"""Ingested protein dose response of muscle and albumin protein synthesis after resistance exercise in young men."""
source,src_80ac07a036bc4b85,status,"""active"""
source,src_814bd713fe3f090a,status,"""active"""
source,src_81b346a2e987129a,status,"""active"""
source,src_81ed7e798fb327b5,metadata.misresolved_verified_title,
source,src_81ed7e798fb327b5,metadata.verification_status,"""RESOLVED"""
source,src_81ed7e798fb327b5,metadata.verified_title,"""Methicillin-resistant Staphylococcus aureus infections in collegiate football players."""
source,src_82fc37749a5bb0ea,status,"""active"""
source,src_83658722e5cff5d1,metadata.merged_duplicate_source_ids,
source,src_83658722e5cff5d1,metadata.misresolved_verified_title,
source,src_83658722e5cff5d1,metadata.tier_conflict,
source,src_83658722e5cff5d1,metadata.verification_status,"""RESOLVED"""
source,src_83658722e5cff5d1,metadata.verified_title,"""The Case for Protective Headguards in Amateur Boxing and Implications for International Policy on Headguard Bans"""
source,src_843779de700fe44d,metadata.misresolved_verified_title,
source,src_843779de700fe44d,metadata.verification_status,"""RESOLVED"""
source,src_843779de700fe44d,metadata.verified_title,"""Excessive intracellular Ca2+ inhibits glutamate-induced Na(+)-K+ pump activation in rat hippocampal neurons."""
source,src_8463e4b740b194e2,status,"""active"""
source,src_8499f9ae2c574ece,status,"""active"""
source,src_84d1105ce5ceace2,status,"""active"""
source,src_854b2c2f7f82ea9e,status,"""active"""
source,src_855ee690476fc86f,status,"""active"""
source,src_865e760d16369d2c,metadata.misresolved_verified_title,
source,src_865e760d16369d2c,metadata.verification_status,"""RESOLVED"""
source,src_865e760d16369d2c,metadata.verified_title,"""Mouthguard Use and Cardiopulmonary Capacity - A Systematic Review and Meta-Analysis."""
source,src_8690f10602600ad4,metadata.merged_duplicate_source_ids,
source,src_86eacf00d0bbc85f,status,"""active"""
source,src_8742ac8a28bb6423,status,"""active"""
source,src_87789427169bfc6e,status,"""active"""
source,src_888ad02d93c5e0f4,status,"""active"""
source,src_89997485cb458902,status,"""active"""
source,src_89a7a554283eb52c,status,"""active"""
source,src_89e59b9cf280f102,status,"""active"""
source,src_8b0d3b0720230fe6,status,"""active"""
source,src_8b3d239425a3f9b5,status,"""active"""
source,src_8b938b8efcdf5996,status,"""active"""
source,src_8bee365757f7eafa,metadata.merged_duplicate_source_ids,
source,src_8e02317791a2e154,metadata.misresolved_verified_title,
source,src_8e02317791a2e154,metadata.verification_status,"""RESOLVED"""
source,src_8e02317791a2e154,metadata.verified_title,"""Tinea Gladiatorum: Epidemiology, Clinical Aspects, and Management."""
source,src_8e21787086195d95,metadata.misresolved_verified_title,
source,src_8e21787086195d95,metadata.verification_status,"""RESOLVED"""
source,src_8e21787086195d95,metadata.verified_title,"""AOSSM Early Sport Specialization Consensus Statement."""
source,src_8e9201a67eff647b,metadata.merged_duplicate_source_ids,
source,src_8edf647ac010641b,metadata.merged_duplicate_source_ids,
source,src_8efb6586eed9ec53,status,"""active"""
source,src_9058491242d30445,metadata.merged_duplicate_source_ids,
source,src_91170afd9903992a,status,"""active"""
source,src_917d240ca1978865,metadata.misresolved_verified_title,
source,src_917d240ca1978865,metadata.verification_status,"""RESOLVED"""
source,src_917d240ca1978865,metadata.verified_title,"""Quantitative assessment of interstitial implants."""
source,src_91f0d454a10a6fa4,status,"""active"""
source,src_927489d3ee0f96a4,status,"""active"""
source,src_9307cce068abb7d8,status,"""active"""
source,src_9318a557e2292092,metadata.misresolved_verified_title,
source,src_9318a557e2292092,metadata.verification_status,"""RESOLVED"""
source,src_9318a557e2292092,metadata.verified_title,"""The Practice of Weight Loss in Combat Sports Athletes: A Systematic Review."""
source,src_93af47d90fbfe018,metadata.misresolved_verified_title,
source,src_93af47d90fbfe018,metadata.verification_status,"""RESOLVED"""
source,src_93af47d90fbfe018,metadata.verified_title,"""Chronic pain in the classroom: teachers' attributions about the causes of chronic pain."""
source,src_94ae7e54205529de,status,"""active"""
source,src_95772667b8cf700c,metadata.merged_duplicate_source_ids,
source,src_962b2b8b68fe3ff8,metadata.misresolved_verified_title,
source,src_962b2b8b68fe3ff8,metadata.verification_status,"""RESOLVED"""
source,src_962b2b8b68fe3ff8,metadata.verified_title,"""[Elements in the evaluation of some disinfectants for hospital use]."""
source,src_97333246f8a62651,metadata.misresolved_verified_title,
source,src_97333246f8a62651,metadata.verification_status,"""RESOLVED"""
source,src_97333246f8a62651,metadata.verified_title,"""CO2 laser anterior turbinectomy in the treatment of non-allergic vasomotor rhinopathia. A prospective study upon 78 patients."""
source,src_99765c9f681c7713,metadata.merged_duplicate_source_ids,
source,src_9a2a9b956438b2f0,status,"""active"""
source,src_9a5aac26caf0b9a2,status,"""active"""
source,src_9a7499739532127d,status,"""active"""
source,src_9a882d5b12123f21,status,"""active"""
source,src_9ac66774d3c69d70,metadata.misresolved_verified_title,
source,src_9ac66774d3c69d70,metadata.verification_status,"""RESOLVED"""
source,src_9ac66774d3c69d70,metadata.verified_title,"""[Prevalence of hereditary diseases in three-year-old Swiss Warmblood horses]."""
source,src_9adb51c5adcf72a5,status,"""active"""
source,src_9b44730ebb92f513,metadata.merged_duplicate_source_ids,
source,src_9b44730ebb92f513,metadata.tier_conflict,
source,src_9b8580cf92f1f6fc,status,"""active"""
source,src_9c9f4b290773f51e,metadata.merged_duplicate_source_ids,
source,src_9c9f4b290773f51e,metadata.misresolved_verified_title,
source,src_9c9f4b290773f51e,metadata.tier_conflict,
source,src_9c9f4b290773f51e,metadata.verification_status,"""RESOLVED"""
source,src_9c9f4b290773f51e,metadata.verified_title,"""Distinct phosphotyrosines on a growth factor receptor bind to specific molecules that mediate different signaling pathways."""
source,src_9d39cb4978f391f4,status,"""active"""
source,src_9d404103dd997134,metadata.misresolved_verified_title,
source,src_9d404103dd997134,metadata.verification_status,"""RESOLVED"""
source,src_9d404103dd997134,metadata.verified_title,"""Characterization of pregnancy-associated plasma protein-A: comparison with alpha 2-macroglobulin."""
source,src_9e3a19d4501918fa,status,"""active"""
source,src_9ee26cd8b5525aab,status,"""active"""
source,src_9f3942f344cee368,status,"""active"""
source,src_9fdd8f2c0085a037,status,"""active"""
source,src_9fe2690355aaa819,authority_tier,2
source,src_9fe2690355aaa819,metadata.merged_duplicate_source_ids,
source,src_9fe2690355aaa819,metadata.tier_conflict,
source,src_a014fe8406f20004,status,"""active"""
source,src_a1978cfbfb5a8fa9,status,"""active"""
source,src_a1cb6aeb15cedcd3,metadata.misresolved_verified_title,
source,src_a1cb6aeb15cedcd3,metadata.verification_status,"""RESOLVED"""
source,src_a1cb6aeb15cedcd3,metadata.verified_title,"""[Clinical effect of recombinant human granulocyte colony-stimulating factor in bone marrow transplantation. The Japan rhG-CSF Clinical Study Group]."""
source,src_a3ab68bdf2b623a9,metadata.misresolved_verified_title,
source,src_a3ab68bdf2b623a9,metadata.verification_status,"""RESOLVED"""
source,src_a3ab68bdf2b623a9,metadata.verified_title,"""Evolving spectrum of mortality and morbidity in SLE."""
source,src_a3cf4368b8ade116,status,"""active"""
source,src_a43f5d5523ba4e3b,authority_tier,4
source,src_a43f5d5523ba4e3b,metadata.merged_duplicate_source_ids,
source,src_a43f5d5523ba4e3b,metadata.misresolved_verified_title,
source,src_a43f5d5523ba4e3b,metadata.tier_conflict,
source,src_a43f5d5523ba4e3b,metadata.verification_status,"""RESOLVED"""
source,src_a43f5d5523ba4e3b,metadata.verified_title,"""A partially parametric estimator of survival in the presence of randomly censored data."""
source,src_a4c728e773605e98,metadata.misresolved_verified_title,
source,src_a4c728e773605e98,metadata.verification_status,"""RESOLVED"""
source,src_a4c728e773605e98,metadata.verified_title,"""Barriers to the Implementation of State Concussion Laws Within High Schools."""
source,src_a5bcba72effc405c,metadata.misresolved_verified_title,
source,src_a5bcba72effc405c,metadata.verification_status,"""RESOLVED"""
source,src_a5bcba72effc405c,metadata.verified_title,"""Evolving spectrum of mortality and morbidity in SLE."""
source,src_a61c06a77d05bab1,metadata.misresolved_verified_title,
source,src_a61c06a77d05bab1,metadata.verification_status,"""RESOLVED"""
source,src_a61c06a77d05bab1,metadata.verified_title,"""Efficient design of cluster randomized and multicentre trials with unknown intraclass correlation."""
source,src_a6716135d70ac13a,metadata.misresolved_verified_title,
source,src_a6716135d70ac13a,metadata.verification_status,"""RESOLVED"""
source,src_a6716135d70ac13a,metadata.verified_title,"""NAPNAP president's message. Address unknown: the homeless."""
source,src_a748197438d9e9ff,status,"""active"""
source,src_a7952f0b2e21305e,metadata.merged_duplicate_source_ids,
source,src_a828ed5ecc14f662,metadata.merged_duplicate_source_ids,
source,src_a835e76a024851e8,metadata.misresolved_verified_title,
source,src_a835e76a024851e8,metadata.verification_status,"""RESOLVED"""
source,src_a835e76a024851e8,metadata.verified_title,"""Lymphatic capillaries in the meninges of the human optic nerve."""
source,src_a845ca2ad90fcc1f,status,"""active"""
source,src_aa4d1fa6644c22e6,metadata.misresolved_verified_title,
source,src_aa4d1fa6644c22e6,metadata.verification_status,"""RESOLVED"""
source,src_aa4d1fa6644c22e6,metadata.verified_title,"""Atrial natriuretic peptide inhibits amiloride-sensitive sodium uptake in rat brain."""
source,src_aa5417c1490f14fd,metadata.misresolved_verified_title,
source,src_aa5417c1490f14fd,metadata.verification_status,"""RESOLVED"""
source,src_aa5417c1490f14fd,metadata.verified_title,"""Meta-analysis by random effect modelling in generalized linear models."""
source,src_ab42a4b0b6f66b51,metadata.merged_duplicate_source_ids,
source,src_abd02977676dd7f2,metadata.merged_duplicate_source_ids,
source,src_abd02977676dd7f2,metadata.misresolved_verified_title,
source,src_abd02977676dd7f2,metadata.verification_status,"""RESOLVED"""
source,src_abd02977676dd7f2,metadata.verified_title,"""Consensus statement on concussion in sport: the 6th International Conference on Concussion in Sport–Amsterdam, October 2022"""
source,src_ac16342790cff04e,metadata.misresolved_verified_title,
source,src_ac16342790cff04e,metadata.verification_status,"""RESOLVED"""
source,src_ac16342790cff04e,metadata.verified_title,"""Regional brain perfusion changes in patients with primary generalized epilepsy assessed by Tc99m HM-PAO and SPECT."""
source,src_ace39b22e37c86a7,status,"""active"""
source,src_ad4617c1c507aa04,status,"""active"""
source,src_ae1a4594498309f6,metadata.merged_duplicate_source_ids,
source,src_ae1a4594498309f6,metadata.misresolved_verified_title,
source,src_ae1a4594498309f6,metadata.tier_conflict,
source,src_ae1a4594498309f6,metadata.verification_status,"""RESOLVED"""
source,src_ae1a4594498309f6,metadata.verified_title,"""Sequence comparison of the GABAA receptor alpha 1 subunit cDNA in long and short sleep mice by direct sequencing of polymerase chain reaction amplified cDNA."""
source,src_ae3de7f6142d9be7,metadata.merged_duplicate_source_ids,
source,src_ae8d7695863bcc0c,status,"""active"""
source,src_aeb9d9e1534a9743,metadata.misresolved_verified_title,
source,src_aeb9d9e1534a9743,metadata.verification_status,"""RESOLVED"""
source,src_aeb9d9e1534a9743,metadata.verified_title,"""International society of sports nutrition position stand: caffeine and exercise performance."""
source,src_af18abb99437e0e7,status,"""active"""
source,src_b0e404a2d8aa7794,status,"""active"""
source,src_b112731d59916837,metadata.misresolved_verified_title,
source,src_b112731d59916837,metadata.verification_status,"""RESOLVED"""
source,src_b112731d59916837,metadata.verified_title,"""Sport Participation for Academic Success: Evidence From the Longitudinal Study of Australian Children."""
source,src_b1999e45c85bae34,authority_tier,3
source,src_b1999e45c85bae34,metadata.merged_duplicate_source_ids,
source,src_b1999e45c85bae34,metadata.tier_conflict,
source,src_b19ca94698ef0865,metadata.misresolved_verified_title,
source,src_b19ca94698ef0865,metadata.verification_status,"""RESOLVED"""
source,src_b19ca94698ef0865,metadata.verified_title,"""Implementing automated external defibrillators into community sports clubs/facilities: a cross-sectional survey of community club member preparedness for medical emergencies."""
source,src_b1a9cc00322d4d1a,metadata.merged_duplicate_source_ids,
source,src_b1a9cc00322d4d1a,metadata.misresolved_verified_title,
source,src_b1a9cc00322d4d1a,metadata.verification_status,"""RESOLVED"""
source,src_b1a9cc00322d4d1a,metadata.verified_title,"""[Elements in the evaluation of some disinfectants for hospital use]."""
source,src_b2e36bfb0f9843c9,status,"""active"""
source,src_b422ef5f88866d11,metadata.merged_duplicate_source_ids,
source,src_b481f50c627b4170,metadata.merged_duplicate_source_ids,
source,src_b5d165cc8a972a80,status,"""active"""
source,src_b61baf7ebebde173,metadata.merged_duplicate_source_ids,
source,src_b6292c09e6883927,authority_tier,4
source,src_b6292c09e6883927,metadata.merged_duplicate_source_ids,
source,src_b6292c09e6883927,metadata.tier_conflict,
source,src_b68645756a889071,status,"""active"""
source,src_b811a6b342a8d8cf,status,"""active"""
source,src_b8a081d0756bc553,metadata.misresolved_verified_title,
source,src_b8a081d0756bc553,metadata.verification_status,"""RESOLVED"""
source,src_b8a081d0756bc553,metadata.verified_title,"""Genotoxic markers among butadiene polymer workers in China."""
source,src_b8de717543bec9bb,status,"""active"""
source,src_b916bb20abce445c,metadata.misresolved_verified_title,
source,src_b916bb20abce445c,metadata.verification_status,"""RESOLVED"""
source,src_b916bb20abce445c,metadata.verified_title,"""Changes in vascular permeability in stroke-prone spontaneously hypertensive rats studied with peroxidase as a tracer."""
source,src_b9547877534ee61f,status,"""active"""
source,src_ba3db705e5e557c5,status,"""active"""
source,src_bab6ca1eced51d2a,status,"""active"""
source,src_bb46ace3c586be69,metadata.misresolved_verified_title,
source,src_bb46ace3c586be69,metadata.verification_status,"""RESOLVED"""
source,src_bb46ace3c586be69,metadata.verified_title,"""The long-term hydriding and dehydriding stability of the nanoscale LiNH2+LiH hydrogen storage system."""
source,src_bb60ee5dfb870da0,metadata.misresolved_verified_title,
source,src_bb60ee5dfb870da0,metadata.verification_status,"""RESOLVED"""
source,src_bb60ee5dfb870da0,metadata.verified_title,"""Current topics in viral hepatitis."""
source,src_bfffbe5d72b84e13,status,"""active"""
source,src_c03d1adb45f0d34c,status,"""active"""
source,src_c0a8252f6c30c1db,status,"""active"""
source,src_c0ca94224f65e5d1,metadata.misresolved_verified_title,
source,src_c0ca94224f65e5d1,metadata.verification_status,"""RESOLVED"""
source,src_c0ca94224f65e5d1,metadata.verified_title,"""Effects of Weight Cutting on Exercise Performance in Combat Athletes: A Meta-Analysis."""
source,src_c157745a63ca9b71,metadata.misresolved_verified_title,
source,src_c157745a63ca9b71,metadata.verification_status,"""RESOLVED"""
source,src_c157745a63ca9b71,metadata.verified_title,"""Meta-analysis by random effect modelling in generalized linear models."""
source,src_c176903ef4a4522d,status,"""active"""
source,src_c37f8d20faa0de0b,status,"""active"""
source,src_c429bbe5ed919e45,metadata.misresolved_verified_title,
source,src_c429bbe5ed919e45,metadata.verification_status,"""RESOLVED"""
source,src_c429bbe5ed919e45,metadata.verified_title,"""Genotoxic markers among butadiene polymer workers in China."""
source,src_c4307f27166ed0b9,metadata.misresolved_verified_title,
source,src_c4307f27166ed0b9,metadata.verification_status,"""RESOLVED"""
source,src_c4307f27166ed0b9,metadata.verified_title,"""Overuse injuries and burnout in youth sports: a position statement from the American Medical Society for Sports Medicine."""
source,src_c43dcd322b570df3,status,"""active"""
source,src_c47aa4201d15c968,metadata.misresolved_verified_title,
source,src_c47aa4201d15c968,metadata.verification_status,"""RESOLVED"""
source,src_c47aa4201d15c968,metadata.verified_title,"""[Prevalence of hereditary diseases in three-year-old Swiss Warmblood horses]."""
source,src_c4b46cb1f0db8c97,status,"""active"""
source,src_c6453b7ffe31c27c,metadata.misresolved_verified_title,
source,src_c6453b7ffe31c27c,metadata.verification_status,"""RESOLVED"""
source,src_c6453b7ffe31c27c,metadata.verified_title,"""Effects of Carbohydrate Mouth Rinse on Cycling Time Trial Performance: A Systematic Review and Meta-Analysis."""
source,src_c72976b03e995af5,status,"""active"""
source,src_c740fb249ff4544a,metadata.misresolved_verified_title,
source,src_c740fb249ff4544a,metadata.verification_status,"""RESOLVED"""
source,src_c740fb249ff4544a,metadata.verified_title,"""Analysis of temperature-sensitive functions of Fos: lack of a correlation between transformation and TRE-dependent trans-activation."""
source,src_c7b5d3d8c6e2047f,status,"""active"""
source,src_c8c1786556d9cf3f,metadata.misresolved_verified_title,
source,src_c8c1786556d9cf3f,metadata.verification_status,"""RESOLVED"""
source,src_c8c1786556d9cf3f,metadata.verified_title,"""Updating ACSM's Recommendations for Exercise Preparticipation Health Screening."""
source,src_c9723803e8789fd9,metadata.misresolved_verified_title,
source,src_c9723803e8789fd9,metadata.verification_status,"""RESOLVED"""
source,src_c9723803e8789fd9,metadata.verified_title,"""Biological maturation of youth athletes: assessment and implications"""
source,src_c9a9a3616bd67d7b,metadata.merged_duplicate_source_ids,
source,src_ca9753a76f54c0fd,status,"""active"""
source,src_cb338b10f9a37352,metadata.misresolved_verified_title,
source,src_cb338b10f9a37352,metadata.verification_status,"""RESOLVED"""
source,src_cb338b10f9a37352,metadata.verified_title,"""An Examination of Parent-Reported Facilitators and Barriers to Organized Physical Activity Engagement for Youth With Neurodevelopmental Disorders, Physical, and Medical Conditions."""
source,src_cb463ba3400decc3,metadata.merged_duplicate_source_ids,
source,src_cb4a399b7a18e834,status,"""active"""
source,src_cb560c2237874d41,metadata.merged_duplicate_source_ids,
source,src_cbdad5b2df1ff019,metadata.misresolved_verified_title,
source,src_cbdad5b2df1ff019,metadata.verification_status,"""RESOLVED"""
source,src_cbdad5b2df1ff019,metadata.verified_title,"""The stereospecific interaction between chlorophylls and chlorophyllase. Possible implication for chlorophyll biosynthesis and degradation."""
source,src_cd1fd34f7b74a2a1,metadata.misresolved_verified_title,
source,src_cd1fd34f7b74a2a1,metadata.verification_status,"""RESOLVED"""
source,src_cd1fd34f7b74a2a1,metadata.verified_title,"""Tinea gladiatorum: wrestling's emerging foe."""
source,src_cd5fa0b0378b3df8,metadata.misresolved_verified_title,
source,src_cd5fa0b0378b3df8,metadata.verification_status,"""RESOLVED"""
source,src_cd5fa0b0378b3df8,metadata.verified_title,"""Acute-Weight-Loss Strategies for Combat Sports and Applications to Olympic Success."""
source,src_ce9ac60a970717fb,status,"""active"""
source,src_ceb50cb1a9822193,status,"""active"""
source,src_d09d5ea01fabf897,status,"""active"""
source,src_d1a3e85af755fe04,status,"""active"""
source,src_d1df60b54a081957,metadata.merged_duplicate_source_ids,
source,src_d27f8e431727c2e7,status,"""active"""
source,src_d4ff577fbad8d72f,metadata.misresolved_verified_title,
source,src_d4ff577fbad8d72f,metadata.verification_status,"""RESOLVED"""
source,src_d4ff577fbad8d72f,metadata.verified_title,"""[Effect of the multiple administration of hydrocortisone on the ultrastructure of the lymph nodes of rabbits]."""
source,src_d67ca31658547c89,metadata.merged_duplicate_source_ids,
source,src_d694405d424675f2,status,"""active"""
source,src_d7968561a73aa9ff,status,"""active"""
source,src_d80ed999c2397022,metadata.misresolved_verified_title,
source,src_d80ed999c2397022,metadata.verification_status,"""RESOLVED"""
source,src_d80ed999c2397022,metadata.verified_title,"""Creatine Supplementation in Children and Adolescents."""
source,src_d9ad7d7981efedd4,metadata.misresolved_verified_title,
source,src_d9ad7d7981efedd4,metadata.verification_status,"""RESOLVED"""
source,src_d9ad7d7981efedd4,metadata.verified_title,"""Sensitivity analysis when data are missing not-at-random."""
source,src_da1ba3956f73b813,status,"""active"""
source,src_db1fbf900906f271,metadata.merged_duplicate_source_ids,
source,src_db8abe5bb1de29d9,metadata.misresolved_verified_title,
source,src_db8abe5bb1de29d9,metadata.verification_status,"""RESOLVED"""
source,src_db8abe5bb1de29d9,metadata.verified_title,"""Patient safety incident reporting systems and reporting practices in African healthcare organisations: a systematic review and meta-analysis."""
source,src_dc5216fc7085b90c,status,"""active"""
source,src_dc9277073f553443,status,"""active"""
source,src_dcceb5c953deaaee,status,"""active"""
source,src_dd1674cee9a6a64a,metadata.merged_duplicate_source_ids,
source,src_dd6c513cddcf5f85,status,"""active"""
source,src_de67a0e668d4c55b,status,"""active"""
source,src_df6ef82263ec60d2,status,"""active"""
source,src_e061b3448c7b699e,status,"""active"""
source,src_e0de4d3acf8c7812,status,"""active"""
source,src_e2155bd5c9235927,status,"""active"""
source,src_e221bc5bcafd9441,metadata.misresolved_verified_title,
source,src_e221bc5bcafd9441,metadata.verification_status,"""RESOLVED"""
source,src_e221bc5bcafd9441,metadata.verified_title,"""Learning through observation: a combination of expert and novice models favors learning."""
source,src_e31f8505a014033e,status,"""active"""
source,src_e44099f156ecf9e9,metadata.misresolved_verified_title,
source,src_e44099f156ecf9e9,metadata.verification_status,"""RESOLVED"""
source,src_e44099f156ecf9e9,metadata.verified_title,"""The interactions of (-)-(R)-2-aminomethylpyrrolidine (1,1-cyclobutanedicarboxylato)platinum(II) monohydrate (DWA2114R) and related compounds with deoxyribonucleic acid."""
source,src_e4e57e4e7a8121a3,metadata.misresolved_verified_title,
source,src_e4e57e4e7a8121a3,metadata.verification_status,"""RESOLVED"""
source,src_e4e57e4e7a8121a3,metadata.verified_title,"""Contact Breast Injuries Among Female Athletes: A Systematic Review."""
source,src_e5f2629cd452bbe3,status,"""active"""
source,src_e6a82be5c8bf96db,metadata.merged_duplicate_source_ids,
source,src_e6e72128b88fbb96,status,"""active"""
source,src_e72e716be98b6afb,metadata.misresolved_verified_title,
source,src_e72e716be98b6afb,metadata.verification_status,"""RESOLVED"""
source,src_e72e716be98b6afb,metadata.verified_title,"""Fetal ST segment heart rate analysis in labor: improvement of intervention criteria using interpolated base deficit."""
source,src_e769b84d1a7e7781,authority_tier,4
source,src_e769b84d1a7e7781,metadata.merged_duplicate_source_ids,
source,src_e769b84d1a7e7781,metadata.tier_conflict,
source,src_e7ff8ae0ee32daec,metadata.misresolved_verified_title,
source,src_e7ff8ae0ee32daec,metadata.verification_status,"""RESOLVED"""
source,src_e7ff8ae0ee32daec,metadata.verified_title,"""A clinico-epidemiological study on tinea gladiatorum in Iranian wrestlers and mat contamination by dermatophytes."""
source,src_e8c041af371947bd,metadata.merged_duplicate_source_ids,
source,src_e8c16378e2da8f97,status,"""active"""
source,src_ea74936d27aeffa8,metadata.misresolved_verified_title,
source,src_ea74936d27aeffa8,metadata.verification_status,"""RESOLVED"""
source,src_ea74936d27aeffa8,metadata.verified_title,"""[Radiotherapy and inhibitors of epidermal growth factor receptor: preclinical findings and preliminary clinical trials]."""
source,src_eacdd76be260882e,authority_tier,3
source,src_eacdd76be260882e,metadata.merged_duplicate_source_ids,
source,src_eacdd76be260882e,metadata.tier_conflict,
source,src_eb70c3805cb7415f,metadata.merged_duplicate_source_ids,
source,src_eb70c3805cb7415f,metadata.misresolved_verified_title,
source,src_eb70c3805cb7415f,metadata.verification_status,"""RESOLVED"""
source,src_eb70c3805cb7415f,metadata.verified_title,"""Amateur boxing and risk of chronic traumatic brain injury: systematic review of observational studies"""
source,src_ed7cc613172aed17,status,"""active"""
source,src_edd8315aadf1427c,status,"""active"""
source,src_ef24e9614021e2df,metadata.misresolved_verified_title,
source,src_ef24e9614021e2df,metadata.verification_status,"""RESOLVED"""
source,src_ef24e9614021e2df,metadata.verified_title,"""Youth resistance training: updated position statement paper from the national strength and conditioning association."""
source,src_f01b3100d054b184,metadata.merged_duplicate_source_ids,
source,src_f0aff4bed6e26e44,status,"""active"""
source,src_f0d1c520b2684f3f,metadata.merged_duplicate_source_ids,
source,src_f0f72349d5029e9c,authority_tier,4
source,src_f0f72349d5029e9c,metadata.merged_duplicate_source_ids,
source,src_f0f72349d5029e9c,metadata.tier_conflict,
source,src_f12b05a1a8657ab9,status,"""active"""
source,src_f15da6589ac8fce3,status,"""active"""
source,src_f176039eb7ccdcdd,metadata.merged_duplicate_source_ids,
source,src_f176039eb7ccdcdd,metadata.tier_conflict,
source,src_f1c965733818f75b,status,"""active"""
source,src_f1da1901cdbcc5ee,status,"""active"""
source,src_f244e9a273e14b35,status,"""active"""
source,src_f2594e78e893126e,metadata.misresolved_verified_title,
source,src_f2594e78e893126e,metadata.verification_status,"""RESOLVED"""
source,src_f2594e78e893126e,metadata.verified_title,"""In fencing, what gives left-handers the edge? Views from the present and the distant past"""
source,src_f279189265596526,status,"""active"""
source,src_f301cbfaade51380,metadata.merged_duplicate_source_ids,
source,src_f3603fa4f98435b3,status,"""active"""
source,src_f45667e8675ef9ae,status,"""active"""
source,src_f47a5187b38b172d,status,"""active"""
source,src_f49fc40efd14febb,metadata.misresolved_verified_title,
source,src_f49fc40efd14febb,metadata.verification_status,"""RESOLVED"""
source,src_f49fc40efd14febb,metadata.verified_title,"""[Clinical effect of recombinant human granulocyte colony-stimulating factor in bone marrow transplantation. The Japan rhG-CSF Clinical Study Group]."""
source,src_f61a1289da0b928c,metadata.misresolved_verified_title,
source,src_f61a1289da0b928c,metadata.verification_status,"""RESOLVED"""
source,src_f61a1289da0b928c,metadata.verified_title,"""Orderly bone transport."""
source,src_f65a5ff611275aa6,metadata.misresolved_verified_title,
source,src_f65a5ff611275aa6,metadata.verification_status,"""RESOLVED"""
source,src_f65a5ff611275aa6,metadata.verified_title,"""Summing Up Hours of Any Type of Practice Versus Identifying Optimal Practice Activities: Commentary on Macnamara, Moreau, & Hambrick (2016)."""
source,src_f733eec74a878065,status,"""active"""
source,src_f7503ac9301474de,status,"""active"""
source,src_f77d8ebdcb2de41e,metadata.misresolved_verified_title,
source,src_f77d8ebdcb2de41e,metadata.verification_status,"""RESOLVED"""
source,src_f77d8ebdcb2de41e,metadata.verified_title,"""CO2 laser anterior turbinectomy in the treatment of non-allergic vasomotor rhinopathia. A prospective study upon 78 patients."""
source,src_f7f15a8d9cd2a1a2,status,"""active"""
source,src_f89f458247bc0fa0,metadata.merged_duplicate_source_ids,
source,src_f93352cde371c9f9,metadata.merged_duplicate_source_ids,
source,src_f944f814a98d7e90,metadata.misresolved_verified_title,
source,src_f944f814a98d7e90,metadata.verification_status,"""RESOLVED"""
source,src_f944f814a98d7e90,metadata.verified_title,"""The Role of Strength on Punch Impact Force in Boxing"""
source,src_f9afdc8771399484,status,"""active"""
source,src_fa5f255721135519,status,"""active"""
source,src_fa7fb7218e33e243,status,"""active"""
source,src_fb0214579f57f13b,status,"""active"""
source,src_fb3fb3d8e91931d9,status,"""active"""
source,src_fc4e3fc338613b5d,status,"""active"""
source,src_fc7c37501b9a5ae4,metadata.misresolved_verified_title,
source,src_fc7c37501b9a5ae4,metadata.verification_status,"""RESOLVED"""
source,src_fc7c37501b9a5ae4,metadata.verified_title,"""Partners in health? Exploring resemblance in health between partners in married and cohabiting couples."""
source,src_fce28d1acf97f245,metadata.misresolved_verified_title,
source,src_fce28d1acf97f245,metadata.verification_status,"""RESOLVED"""
source,src_fce28d1acf97f245,metadata.verified_title,"""Fluconazole for the prevention and treatment of tinea gladiatorum."""
source,src_fcff03b8ec1e918b,status,"""active"""
source,src_fd9942c4f3b3d15d,metadata.merged_duplicate_source_ids,
source,src_fdf395abb08cb44e,metadata.misresolved_verified_title,
source,src_fdf395abb08cb44e,metadata.verification_status,"""RESOLVED"""
source,src_fdf395abb08cb44e,metadata.verified_title,"""Learning through observation: a combination of expert and novice models favors learning."""
source,src_fef5fd676cada29a,status,"""active"""
source,src_ff1b021436693b69,status,"""active"""
source,src_ff4314571f2ed238,metadata.merged_duplicate_source_ids,
source,src_ff46bfa0db1f065c,metadata.misresolved_verified_title,
source,src_ff46bfa0db1f065c,metadata.verification_status,"""RESOLVED"""
source,src_ff46bfa0db1f065c,metadata.verified_title,"""Surfactant-free coating of thiols on gold nanoparticles using sonochemistry: a study of competing processes."""
source,src_ff6c95d9a1e19003,status,"""active"""
chunk,chk_00724441bbe8f4ea,source_id,"""src_8499f9ae2c574ece"""
chunk,chk_02b6e5828c181be6,source_id,"""src_5bf01cb43a5c069e"""
chunk,chk_02b6e5828c181be6,metadata.citation_repair,
chunk,chk_02b6e5828c181be6,metadata.verified_title,"""The role of nitric oxide in serotonin-induced relaxations in the canine terminal ileum and ileocolonic junction."""
chunk,chk_045c04899bd735a6,source_id,"""src_52ebf7760709b448"""
chunk,chk_04a2898706ee08c0,source_id,"""src_0d6c6dc1cdf11ac9"""
chunk,chk_04a2898706ee08c0,metadata.citation_repair,
chunk,chk_04a2898706ee08c0,metadata.verified_title,"""[Letter: Preventive chemotherapy of tuberculosis]."""
chunk,chk_08117dc52c83bb2f,source_id,"""src_7adea294cbdd97c9"""
chunk,chk_09f6f33430ccb838,source_id,"""src_ca9753a76f54c0fd"""
chunk,chk_09f6f33430ccb838,metadata.authority_tier,4
chunk,chk_09f6f33430ccb838,metadata.citation_repair,
chunk,chk_09f6f33430ccb838,metadata.evidence_tier,"""EXPERIMENTAL"""
chunk,chk_09f6f33430ccb838,metadata.verified_title,"""DNA-testing for Huntington's disease in The Netherlands: a retrospective study on psychosocial effects."""
chunk,chk_0a63b1cc7f519fbc,source_id,"""src_7d883f79b9520654"""
chunk,chk_0a63b1cc7f519fbc,metadata.citation_repair,
chunk,chk_0a63b1cc7f519fbc,metadata.verified_title,"""Neuromodulation during motor development and behavior."""
chunk,chk_0b37aadaa6cf7514,source_id,"""src_9307cce068abb7d8"""
chunk,chk_0bc9498fb74d149e,source_id,"""src_4b3d9fb41973b614"""
chunk,chk_0bc9498fb74d149e,metadata.authority_tier,4
chunk,chk_0bc9498fb74d149e,metadata.evidence_tier,"""EXPERIMENTAL"""
chunk,chk_0cb36aa6e2e82b9b,source_id,"""src_fcff03b8ec1e918b"""
chunk,chk_0cf56258c39dbe25,source_id,"""src_1b68715e773550e0"""
chunk,chk_0d63c7b7329ab356,source_id,"""src_f15da6589ac8fce3"""
chunk,chk_0d71b4526a888cb4,source_id,"""src_6be5ebf671472949"""
chunk,chk_0d71b4526a888cb4,metadata.authority_tier,4
chunk,chk_0d71b4526a888cb4,metadata.evidence_tier,"""EXPERIMENTAL"""
chunk,chk_0dba4f8754809808,source_id,"""src_8b3d239425a3f9b5"""
chunk,chk_0dba4f8754809808,metadata.authority_tier,3
chunk,chk_0dba4f8754809808,metadata.evidence_tier,"""EMERGING"""
chunk,chk_0ef09e7a2d7505fe,source_id,"""src_89e59b9cf280f102"""
chunk,chk_113d212a1302b757,source_id,"""src_ad4617c1c507aa04"""
chunk,chk_11de2636b5b19fc5,source_id,"""src_554b38a51bf33642"""
chunk,chk_13141d3a9cebb9e2,source_id,"""src_bab6ca1eced51d2a"""
chunk,chk_144e435dd93778c4,metadata.authority_tier,4
chunk,chk_144e435dd93778c4,metadata.evidence_tier,"""EXPERIMENTAL"""
chunk,chk_156e75c13455eff1,source_id,"""src_888ad02d93c5e0f4"""
chunk,chk_15c2cd683b115a15,source_id,"""src_927489d3ee0f96a4"""
chunk,chk_15cd191b5a76cbd5,source_id,"""src_fb0214579f57f13b"""
chunk,chk_1622557cfed04fbf,source_id,"""src_9fdd8f2c0085a037"""
chunk,chk_1622557cfed04fbf,metadata.citation_repair,
chunk,chk_1622557cfed04fbf,metadata.verified_title,"""[Effect of the multiple administration of hydrocortisone on the ultrastructure of the lymph nodes of rabbits]."""
chunk,chk_170c95d71dc6eae8,source_id,"""src_b68645756a889071"""
chunk,chk_172210808a22a63e,source_id,"""src_927489d3ee0f96a4"""
chunk,chk_19842182719ac1ff,source_id,"""src_8b938b8efcdf5996"""
chunk,chk_1a851fd1df680d9f,source_id,"""src_dcceb5c953deaaee"""
chunk,chk_1b01c2c59c9a9deb,source_id,"""src_7cca2c3d8f6290d6"""
chunk,chk_1b01c2c59c9a9deb,metadata.citation_repair,
chunk,chk_1b01c2c59c9a9deb,metadata.verified_title,"""Not all insulin-like growth factor-binding proteins (IGFBPs) are detectable by western ligand blotting: case studies of PC12 pheochromocytoma and rat anterior pituitary IGFBPs and proteolyzed IGFBP-3."""
chunk,chk_1bcd7e533c1f7b29,source_id,"""src_6a114cd3da2c1bc7"""
chunk,chk_201275e73ea7015e,source_id,"""src_f279189265596526"""
chunk,chk_21cc6b83e87525c9,source_id,"""src_9307cce068abb7d8"""
chunk,chk_2285f8fdc85fb88b,source_id,"""src_6597cd4231cd2db1"""
chunk,chk_2285f8fdc85fb88b,metadata.citation_repair,
chunk,chk_2285f8fdc85fb88b,metadata.verified_title,"""Effects of the 5-HT3 receptor antagonist, ICS 205-930, on oesophageal motor activity and on lower oesophageal sphincter pressure: a double-blind cross-over study."""
chunk,chk_232e70a254179d9e,source_id,"""src_05b97418e93ee4c8"""
chunk,chk_2512b97744f6112c,source_id,"""src_1bd38536cbb6f470"""
chunk,chk_25a5df3caa774040,source_id,"""src_4f3d4c5506dd8ebf"""
chunk,chk_25a5df3caa774040,metadata.citation_repair,
chunk,chk_25a5df3caa774040,metadata.verified_title,"""[Radiotherapy and inhibitors of epidermal growth factor receptor: preclinical findings and preliminary clinical trials]."""
chunk,chk_26e97f9e49c3d7b7,source_id,"""src_fef5fd676cada29a"""
chunk,chk_27b03fec9a232bdb,source_id,"""src_56037c59eb7db7d9"""
chunk,chk_27ba941e8e2093a8,source_id,"""src_571f89ab1cfb3844"""
chunk,chk_2884cac2e09c3200,source_id,"""src_df6ef82263ec60d2"""
chunk,chk_2884cac2e09c3200,metadata.citation_repair,
chunk,chk_2884cac2e09c3200,metadata.verified_title,"""Evolving spectrum of mortality and morbidity in SLE."""
chunk,chk_2981aceed364e96a,source_id,"""src_1a48d1e5972cea2a"""
chunk,chk_29e3f8729f300d90,source_id,"""src_0223e0983fa51e51"""
chunk,chk_2a68a1ccefda9afb,source_id,"""src_91170afd9903992a"""
chunk,chk_2b9f327eeab03eaf,source_id,"""src_9b8580cf92f1f6fc"""
chunk,chk_2b9f327eeab03eaf,metadata.citation_repair,
chunk,chk_2b9f327eeab03eaf,metadata.verified_title,"""[Prevalence of hereditary diseases in three-year-old Swiss Warmblood horses]."""
chunk,chk_2c65d5fc43e767e0,source_id,"""src_9adb51c5adcf72a5"""
chunk,chk_2c7b74225a855b7f,source_id,"""src_f12b05a1a8657ab9"""
chunk,chk_2ce65451cdfa1e11,source_id,"""src_05353985d506ebd7"""
chunk,chk_30d7be25d6d0e940,source_id,"""src_9adb51c5adcf72a5"""
chunk,chk_3178b759d015e899,source_id,"""src_4b3d9fb41973b614"""
chunk,chk_31c45d686b952ed4,metadata.authority_tier,4
chunk,chk_31c45d686b952ed4,metadata.evidence_tier,"""EXPERIMENTAL"""
chunk,chk_323a328e64652606,source_id,"""src_f733eec74a878065"""
chunk,chk_33cf115748051dbc,source_id,"""src_6747a9200dafc85f"""
chunk,chk_33cf115748051dbc,metadata.citation_repair,
chunk,chk_33cf115748051dbc,metadata.verified_title,"""Current topics in viral hepatitis."""
chunk,chk_34701ac3710e86c9,source_id,"""src_7cca2c3d8f6290d6"""
chunk,chk_34701ac3710e86c9,metadata.citation_repair,
chunk,chk_34701ac3710e86c9,metadata.verified_title,"""Not all insulin-like growth factor-binding proteins (IGFBPs) are detectable by western ligand blotting: case studies of PC12 pheochromocytoma and rat anterior pituitary IGFBPs and proteolyzed IGFBP-3."""
chunk,chk_34d1620a6baabf4e,source_id,"""src_15c85cdb41e183fd"""
chunk,chk_34d1620a6baabf4e,metadata.citation_repair,
chunk,chk_34d1620a6baabf4e,metadata.verified_title,"""Lipopolysaccharide O antigen size distribution is determined by a chain extension complex of variable stoichiometry in Escherichia coli O9a."""
chunk,chk_359836594695cce4,source_id,"""src_102da638fcf4fd8b"""
chunk,chk_35bc28a3911ff569,source_id,"""src_f733eec74a878065"""
chunk,chk_35c0a46bac9bb390,source_id,"""src_dd6c513cddcf5f85"""
chunk,chk_35c0a46bac9bb390,metadata.citation_repair,
chunk,chk_35c0a46bac9bb390,metadata.verified_title,"""Meta-analysis by random effect modelling in generalized linear models."""
chunk,chk_38fc48fc3ed961a9,source_id,"""src_fef5fd676cada29a"""
chunk,chk_396675273b56a959,source_id,"""src_0223e0983fa51e51"""
chunk,chk_3be18c5145dc3b69,source_id,"""src_6be5ebf671472949"""
chunk,chk_3be18c5145dc3b69,metadata.authority_tier,4
chunk,chk_3be18c5145dc3b69,metadata.evidence_tier,"""EXPERIMENTAL"""
chunk,chk_3ca9344108b270a1,source_id,"""src_7ef9d378d03ce854"""
chunk,chk_3ca9344108b270a1,metadata.citation_repair,
chunk,chk_3ca9344108b270a1,metadata.verified_title,"""Youssef's syndrome."""
chunk,chk_423ed4eb677be7ec,source_id,"""src_8742ac8a28bb6423"""
chunk,chk_423ed4eb677be7ec,metadata.citation_repair,
chunk,chk_423ed4eb677be7ec,metadata.verified_title,"""Genotoxic markers among butadiene polymer workers in China."""
chunk,chk_435d93306de0cbc6,source_id,"""src_3b15d3e1a8c61e58"""
chunk,chk_435d93306de0cbc6,metadata.citation_repair,
chunk,chk_435d93306de0cbc6,metadata.verified_title,"""Hiroshima-like neutrons from A-bomb replica: physical basis for their use in biological experiments."""
chunk,chk_43acbedd427b4f2c,source_id,"""src_107806a99c912127"""
chunk,chk_4501e2b8569c903a,source_id,"""src_8463e4b740b194e2"""
chunk,chk_4584bf23a41203a6,source_id,"""src_3715053a02d91060"""
chunk,chk_4584bf23a41203a6,metadata.citation_repair,
chunk,chk_4584bf23a41203a6,metadata.verified_title,"""Distinct phosphotyrosines on a growth factor receptor bind to specific molecules that mediate different signaling pathways."""
chunk,chk_47128cf3dc70e0ad,source_id,"""src_102da638fcf4fd8b"""
chunk,chk_48a06769d1bd9987,source_id,"""src_29623301b0822dd4"""
chunk,chk_48c3e4f4d5e9e0f0,source_id,"""src_9b8580cf92f1f6fc"""
chunk,chk_48c3e4f4d5e9e0f0,metadata.citation_repair,
chunk,chk_48c3e4f4d5e9e0f0,metadata.verified_title,"""[Prevalence of hereditary diseases in three-year-old Swiss Warmblood horses]."""
chunk,chk_499a1b0cde801bb5,source_id,"""src_e6e72128b88fbb96"""
chunk,chk_49c4b5f08fcb1f2e,source_id,"""src_fb3fb3d8e91931d9"""
chunk,chk_49cc77ddb6a7c8c1,source_id,"""src_89a7a554283eb52c"""
chunk,chk_4bf69bd31889d50c,source_id,"""src_6be5ebf671472949"""
chunk,chk_4bf69bd31889d50c,metadata.authority_tier,4
chunk,chk_4bf69bd31889d50c,metadata.evidence_tier,"""EXPERIMENTAL"""
chunk,chk_4ff7ede825a08b06,source_id,"""src_9e3a19d4501918fa"""
chunk,chk_4ff7ede825a08b06,metadata.citation_repair,
chunk,chk_4ff7ede825a08b06,metadata.verified_title,"""Lymphatic capillaries in the meninges of the human optic nerve."""
chunk,chk_500bc9f93ee97bb6,source_id,"""src_086fc22186a50994"""
chunk,chk_5060a08b65379108,source_id,"""src_c7b5d3d8c6e2047f"""
chunk,chk_5060a08b65379108,metadata.citation_repair,
chunk,chk_5060a08b65379108,metadata.verified_title,"""The interactions of (-)-(R)-2-aminomethylpyrrolidine (1,1-cyclobutanedicarboxylato)platinum(II) monohydrate (DWA2114R) and related compounds with deoxyribonucleic acid."""
chunk,chk_52387296e325eaad,source_id,"""src_1d6e6a7407ae2095"""
chunk,chk_55937c3b3647c105,source_id,"""src_14b92b9230039d74"""
chunk,chk_55937c3b3647c105,metadata.citation_repair,
chunk,chk_55937c3b3647c105,metadata.verified_title,"""[Clinical effect of recombinant human granulocyte colony-stimulating factor in bone marrow transplantation. The Japan rhG-CSF Clinical Study Group]."""
chunk,chk_55de6f3e229d7b18,source_id,"""src_ae8d7695863bcc0c"""
chunk,chk_56353d44ed35cebb,source_id,"""src_c0a8252f6c30c1db"""
chunk,chk_566151a90a7d57c5,source_id,"""src_12f9705eca563ce6"""
chunk,chk_566151a90a7d57c5,metadata.authority_tier,3
chunk,chk_58154ff9ad365197,source_id,"""src_dcceb5c953deaaee"""
chunk,chk_5828c36b19976807,metadata.authority_tier,3
chunk,chk_58d60e19aa382422,source_id,"""src_f244e9a273e14b35"""
chunk,chk_59512a637c9c67b9,source_id,"""src_75c36832e73b03bb"""
chunk,chk_59512a637c9c67b9,metadata.authority_tier,4
chunk,chk_59512a637c9c67b9,metadata.citation_repair,
chunk,chk_59512a637c9c67b9,metadata.evidence_tier,"""EXPERIMENTAL"""
chunk,chk_59512a637c9c67b9,metadata.verified_title,"""A partially parametric estimator of survival in the presence of randomly censored data."""
chunk,chk_5a0fbc0272da9d0a,source_id,"""src_29623301b0822dd4"""
chunk,chk_5ab1ec9466262a5b,source_id,"""src_19f669da38b4dc35"""
chunk,chk_5ab1ec9466262a5b,metadata.authority_tier,4
chunk,chk_5ab1ec9466262a5b,metadata.evidence_tier,"""EXPERIMENTAL"""
chunk,chk_5b260c255c431989,source_id,"""src_3715053a02d91060"""
chunk,chk_5b260c255c431989,metadata.authority_tier,4
chunk,chk_5b260c255c431989,metadata.citation_repair,
chunk,chk_5b260c255c431989,metadata.evidence_tier,"""EXPERIMENTAL"""
chunk,chk_5b260c255c431989,metadata.verified_title,"""Distinct phosphotyrosines on a growth factor receptor bind to specific molecules that mediate different signaling pathways."""
chunk,chk_5b29988a29f99a18,source_id,"""src_89a7a554283eb52c"""
chunk,chk_5b2c56b50eb3f9cc,source_id,"""src_9b8580cf92f1f6fc"""
chunk,chk_5b2c56b50eb3f9cc,metadata.citation_repair,
chunk,chk_5b2c56b50eb3f9cc,metadata.verified_title,"""[Prevalence of hereditary diseases in three-year-old Swiss Warmblood horses]."""
chunk,chk_5b3967aaa996185b,source_id,"""src_f733eec74a878065"""
chunk,chk_5c14eb82fd72a883,source_id,"""src_dc5216fc7085b90c"""
chunk,chk_5c14eb82fd72a883,metadata.citation_repair,
chunk,chk_5c14eb82fd72a883,metadata.verified_title,"""NAPNAP president's message. Address unknown: the homeless."""
chunk,chk_5c408aead22b31ea,source_id,"""src_12f9705eca563ce6"""
chunk,chk_5c408aead22b31ea,metadata.authority_tier,4
chunk,chk_5c408aead22b31ea,metadata.evidence_tier,"""EXPERIMENTAL"""
chunk,chk_5cfae6124c13c842,source_id,"""src_fa5f255721135519"""
chunk,chk_5cfae6124c13c842,metadata.citation_repair,
chunk,chk_5cfae6124c13c842,metadata.verified_title,"""Quantitative assessment of interstitial implants."""
chunk,chk_613c7d9e102c595d,source_id,"""src_89a7a554283eb52c"""
chunk,chk_61cd04e862c72030,source_id,"""src_9fdd8f2c0085a037"""
chunk,chk_61cd04e862c72030,metadata.citation_repair,
chunk,chk_61cd04e862c72030,metadata.verified_title,"""[Effect of the multiple administration of hydrocortisone on the ultrastructure of the lymph nodes of rabbits]."""
chunk,chk_6256f627807b8f70,source_id,"""src_b811a6b342a8d8cf"""
chunk,chk_6256f627807b8f70,metadata.authority_tier,3
chunk,chk_6256f627807b8f70,metadata.evidence_tier,"""EMERGING"""
chunk,chk_665a8ba211f740bf,source_id,"""src_888ad02d93c5e0f4"""
chunk,chk_67abef867e59ac4a,source_id,"""src_e2155bd5c9235927"""
chunk,chk_693229ec33be28a1,source_id,"""src_ceb50cb1a9822193"""
chunk,chk_695a91608f9c5ffb,source_id,"""src_35fc75290aae9e91"""
chunk,chk_695a91608f9c5ffb,metadata.citation_repair,
chunk,chk_695a91608f9c5ffb,metadata.verified_title,"""Production of infectious particles from defective human immunodeficiency virus type 1 (HIV-1)-producing cell clones by superinfection with infectious HIV-1."""
chunk,chk_69977396b88863ae,source_id,"""src_fa7fb7218e33e243"""
chunk,chk_69977396b88863ae,metadata.authority_tier,4
chunk,chk_69977396b88863ae,metadata.evidence_tier,"""EXPERIMENTAL"""
chunk,chk_69ed9e41eb310f50,source_id,"""src_8b3d239425a3f9b5"""
chunk,chk_6afcb40cadf1d49c,source_id,"""src_89a7a554283eb52c"""
chunk,chk_6d42cbbd4972b7ea,source_id,"""src_f1c965733818f75b"""
chunk,chk_6d9b7508447c3707,source_id,"""src_3c0d6488968bd07d"""
chunk,chk_6f2ac1eafec7a81d,source_id,"""src_e6e72128b88fbb96"""
chunk,chk_6f305d9ee71ad4e5,source_id,"""src_75c36832e73b03bb"""
chunk,chk_6f305d9ee71ad4e5,metadata.authority_tier,4
chunk,chk_6f305d9ee71ad4e5,metadata.citation_repair,
chunk,chk_6f305d9ee71ad4e5,metadata.evidence_tier,"""EXPERIMENTAL"""
chunk,chk_6f305d9ee71ad4e5,metadata.verified_title,"""A partially parametric estimator of survival in the presence of randomly censored data."""
chunk,chk_740a267338f30565,source_id,"""src_91170afd9903992a"""
chunk,chk_764c21a2bd0ac389,source_id,"""src_29623301b0822dd4"""
chunk,chk_764c21a2bd0ac389,metadata.authority_tier,1
chunk,chk_76a3b541bd8f7e27,source_id,"""src_74451032f85ddc38"""
chunk,chk_76a3b541bd8f7e27,metadata.citation_repair,
chunk,chk_76a3b541bd8f7e27,metadata.verified_title,"""Sequence comparison of the GABAA receptor alpha 1 subunit cDNA in long and short sleep mice by direct sequencing of polymerase chain reaction amplified cDNA."""
chunk,chk_775973505330cb95,source_id,"""src_df6ef82263ec60d2"""
chunk,chk_775973505330cb95,metadata.citation_repair,
chunk,chk_775973505330cb95,metadata.verified_title,"""Evolving spectrum of mortality and morbidity in SLE."""
chunk,chk_782e8ea60d7e6156,source_id,"""src_f9afdc8771399484"""
chunk,chk_782e8ea60d7e6156,metadata.authority_tier,3
chunk,chk_796d594b26e492c7,source_id,"""src_74048a9ac3901b79"""
chunk,chk_796d594b26e492c7,metadata.citation_repair,
chunk,chk_796d594b26e492c7,metadata.verified_title,"""Orderly bone transport."""
chunk,chk_7a119f42d4f91dd2,source_id,"""src_193a94c4c86b2eef"""
chunk,chk_7a2964d0af3fe280,source_id,"""src_d7968561a73aa9ff"""
chunk,chk_7a74fd3c4dff5d1b,source_id,"""src_b0e404a2d8aa7794"""
chunk,chk_7d316cfd68506f86,source_id,"""src_b8de717543bec9bb"""
chunk,chk_7d316cfd68506f86,metadata.authority_tier,3
chunk,chk_7d7c8e012a1fa945,source_id,"""src_33c6cbbd99767b20"""
chunk,chk_7d7c8e012a1fa945,metadata.citation_repair,
chunk,chk_7d7c8e012a1fa945,metadata.verified_title,"""The youth rally experience!"""
chunk,chk_80e5089384f464fc,source_id,"""src_22c25776bffd353d"""
chunk,chk_812c6f279da43a1c,source_id,"""src_bfffbe5d72b84e13"""
chunk,chk_834ce042766975e1,source_id,"""src_ceb50cb1a9822193"""
chunk,chk_8507403a756a89e4,source_id,"""src_213a114df6e6d202"""
chunk,chk_8507403a756a89e4,metadata.citation_repair,
chunk,chk_8507403a756a89e4,metadata.verified_title,"""Changes in vascular permeability in stroke-prone spontaneously hypertensive rats studied with peroxidase as a tracer."""
chunk,chk_884bed4b5a40aac0,source_id,"""src_5f792aad39cb3b21"""
chunk,chk_88f05503f19b08b9,source_id,"""src_52ebf7760709b448"""
chunk,chk_89447c981b328b51,source_id,"""src_1369cc003497a7dc"""
chunk,chk_89447c981b328b51,metadata.citation_repair,
chunk,chk_89447c981b328b51,metadata.verified_title,"""CO2 laser anterior turbinectomy in the treatment of non-allergic vasomotor rhinopathia. A prospective study upon 78 patients."""
chunk,chk_89c7c1d4589a6d4f,source_id,"""src_1acc381bc76dde07"""
chunk,chk_89c7c1d4589a6d4f,metadata.citation_repair,
chunk,chk_89c7c1d4589a6d4f,metadata.verified_title,"""Analysis of temperature-sensitive functions of Fos: lack of a correlation between transformation and TRE-dependent trans-activation."""
chunk,chk_8bd0539fdc6dd3e7,source_id,"""src_fb3fb3d8e91931d9"""
chunk,chk_8e754d945f8b78ac,source_id,"""src_1a9398027142fdcb"""
chunk,chk_918dfe93aedc862c,source_id,"""src_9a2a9b956438b2f0"""
chunk,chk_94ceaa74e94e7462,source_id,"""src_56037c59eb7db7d9"""
chunk,chk_952cdeeee8d13aae,source_id,"""src_f9afdc8771399484"""
chunk,chk_952cdeeee8d13aae,metadata.authority_tier,4
chunk,chk_952cdeeee8d13aae,metadata.evidence_tier,"""EXPERIMENTAL"""
chunk,chk_97b4429ecee55763,source_id,"""src_554b38a51bf33642"""
chunk,chk_99909b5069825b63,source_id,"""src_ce9ac60a970717fb"""
chunk,chk_99909b5069825b63,metadata.authority_tier,4
chunk,chk_99909b5069825b63,metadata.evidence_tier,"""EXPERIMENTAL"""
chunk,chk_99cccb0201334af2,source_id,"""src_f733eec74a878065"""
chunk,chk_9a7fcb267a27e6c7,source_id,"""src_e6e72128b88fbb96"""
chunk,chk_9b900aa9b774e410,source_id,"""src_0eac1438f8fbf658"""
chunk,chk_9cef12a3c806b639,source_id,"""src_8efb6586eed9ec53"""
chunk,chk_9cef12a3c806b639,metadata.citation_repair,
chunk,chk_9cef12a3c806b639,metadata.verified_title,"""Systemic and renal fibrinolytic activity in a patient with anticardiolipin syndrome and renal thrombotic microangiopathy."""
chunk,chk_9cef86075710f624,metadata.authority_tier,4
chunk,chk_9cef86075710f624,metadata.evidence_tier,"""EXPERIMENTAL"""
chunk,chk_9d9b5763b1fdc065,source_id,"""src_9b8580cf92f1f6fc"""
chunk,chk_9d9b5763b1fdc065,metadata.citation_repair,
chunk,chk_9d9b5763b1fdc065,metadata.verified_title,"""[Prevalence of hereditary diseases in three-year-old Swiss Warmblood horses]."""
chunk,chk_9f50bc95d241b231,source_id,"""src_c4b46cb1f0db8c97"""
chunk,chk_9f50bc95d241b231,metadata.citation_repair,
chunk,chk_9f50bc95d241b231,metadata.verified_title,"""Chronic pain in the classroom: teachers' attributions about the causes of chronic pain."""
chunk,chk_a0ba4d29381abaf7,metadata.authority_tier,4
chunk,chk_a0ba4d29381abaf7,metadata.evidence_tier,"""EXPERIMENTAL"""
chunk,chk_a152afb199f67e72,source_id,"""src_4f3d4c5506dd8ebf"""
chunk,chk_a152afb199f67e72,metadata.citation_repair,
chunk,chk_a152afb199f67e72,metadata.verified_title,"""[Radiotherapy and inhibitors of epidermal growth factor receptor: preclinical findings and preliminary clinical trials]."""
chunk,chk_a1936d7cff563259,source_id,"""src_7b419a624e6adf6d"""
chunk,chk_a5c7c7cd5127c25c,source_id,"""src_e0de4d3acf8c7812"""
chunk,chk_a656c31d818c171b,source_id,"""src_6ddcce8a95d622f4"""
chunk,chk_a671d4ef77381947,source_id,"""src_7bd39277840d677c"""
chunk,chk_a90b6f92025db8bf,source_id,"""src_7a531f4464e16a38"""
chunk,chk_a973ce22bffe0ffc,source_id,"""src_6ddcce8a95d622f4"""
chunk,chk_aafde53779edb646,source_id,"""src_23484705cd4b71db"""
chunk,chk_aafde53779edb646,metadata.citation_repair,
chunk,chk_aafde53779edb646,metadata.verified_title,"""A comparison of the modes of actions of human salivary and pancreatic alpha-amylases on modified maltooligosaccharides."""
chunk,chk_abb38c3fb81d91de,source_id,"""src_c176903ef4a4522d"""
chunk,chk_abb38c3fb81d91de,metadata.citation_repair,
chunk,chk_abb38c3fb81d91de,metadata.verified_title,"""[Elements in the evaluation of some disinfectants for hospital use]."""
chunk,chk_add67b4cf797ec97,source_id,"""src_9b8580cf92f1f6fc"""
chunk,chk_add67b4cf797ec97,metadata.citation_repair,
chunk,chk_add67b4cf797ec97,metadata.verified_title,"""[Prevalence of hereditary diseases in three-year-old Swiss Warmblood horses]."""
chunk,chk_ae4e9b1bb8bf474a,source_id,"""src_01555200f22b350d"""
chunk,chk_af6514c62ce3c39d,source_id,"""src_0d96cf0e3d582c26"""
chunk,chk_b09415b9dba50119,source_id,"""src_56037c59eb7db7d9"""
chunk,chk_b2836da512cdfa0c,source_id,"""src_9d39cb4978f391f4"""
chunk,chk_b35383a064f86bd2,source_id,"""src_9307cce068abb7d8"""
chunk,chk_b3adef3f1ae7bb1d,metadata.authority_tier,3
chunk,chk_b55b9cd72a8c8adc,source_id,"""src_f0aff4bed6e26e44"""
chunk,chk_b55b9cd72a8c8adc,metadata.citation_repair,
chunk,chk_b55b9cd72a8c8adc,metadata.verified_title,"""Regional brain perfusion changes in patients with primary generalized epilepsy assessed by Tc99m HM-PAO and SPECT."""
chunk,chk_b7b84d921fad55bd,source_id,"""src_12f9705eca563ce6"""
chunk,chk_bdf2a6823cb755a3,source_id,"""src_7b419a624e6adf6d"""
chunk,chk_be47277d0e9669e3,source_id,"""src_7761542c81b6905d"""
chunk,chk_be47277d0e9669e3,metadata.citation_repair,
chunk,chk_be47277d0e9669e3,metadata.verified_title,"""Excessive intracellular Ca2+ inhibits glutamate-induced Na(+)-K+ pump activation in rat hippocampal neurons."""
chunk,chk_c07e3b6ff5a14e5e,source_id,"""src_e31f8505a014033e"""
chunk,chk_c07e3b6ff5a14e5e,metadata.citation_repair,
chunk,chk_c07e3b6ff5a14e5e,metadata.verified_title,"""The specific IL-1 inhibitor from the human M20 cell line is distinct from the IL-1 receptor antagonist."""
chunk,chk_c07ee8423c222d2e,source_id,"""src_29623301b0822dd4"""
chunk,chk_c15610571b7f049c,source_id,"""src_6584efb8d1c60bea"""
chunk,chk_c1737eaae45d7c49,source_id,"""src_e6e72128b88fbb96"""
chunk,chk_c2de55b441cc86e3,source_id,"""src_419cce35b3f57018"""
chunk,chk_c2de55b441cc86e3,metadata.citation_repair,
chunk,chk_c2de55b441cc86e3,metadata.verified_title,"""Ofloxacin vs ciprofloxacin: a comparison."""
chunk,chk_c3236416e245921b,source_id,"""src_9307cce068abb7d8"""
chunk,chk_c3236416e245921b,metadata.authority_tier,3
chunk,chk_c3236416e245921b,metadata.evidence_tier,"""EMERGING"""
chunk,chk_c33e7227b41fd25c,source_id,"""src_71ca14f2de879433"""
chunk,chk_c33e7227b41fd25c,metadata.citation_repair,
chunk,chk_c33e7227b41fd25c,metadata.verified_title,"""Differential responses of infectious diseases to economic growth in China."""
chunk,chk_c5e27029c994e910,source_id,"""src_74451032f85ddc38"""
chunk,chk_c5e27029c994e910,metadata.authority_tier,4
chunk,chk_c5e27029c994e910,metadata.citation_repair,
chunk,chk_c5e27029c994e910,metadata.evidence_tier,"""EXPERIMENTAL"""
chunk,chk_c5e27029c994e910,metadata.verified_title,"""Sequence comparison of the GABAA receptor alpha 1 subunit cDNA in long and short sleep mice by direct sequencing of polymerase chain reaction amplified cDNA."""
chunk,chk_c86585461e977632,source_id,"""src_e8c16378e2da8f97"""
chunk,chk_c86585461e977632,metadata.citation_repair,
chunk,chk_c86585461e977632,metadata.verified_title,"""Atrial natriuretic peptide inhibits amiloride-sensitive sodium uptake in rat brain."""
chunk,chk_c8725cab0bb10688,source_id,"""src_9a882d5b12123f21"""
chunk,chk_c8725cab0bb10688,metadata.citation_repair,
chunk,chk_c8725cab0bb10688,metadata.verified_title,"""Surfactant-free coating of thiols on gold nanoparticles using sonochemistry: a study of competing processes."""
chunk,chk_c898366570a97015,source_id,"""src_6d114dbc7f6375eb"""
chunk,chk_c966f91c9a2100af,source_id,"""src_e6e72128b88fbb96"""
chunk,chk_c9975c338388b768,source_id,"""src_102da638fcf4fd8b"""
chunk,chk_ca91af34c20916a5,source_id,"""src_f15da6589ac8fce3"""
chunk,chk_caba73ed2ca23478,source_id,"""src_40a26d4b943ccd02"""
chunk,chk_cc043c8e03a13a17,source_id,"""src_9307cce068abb7d8"""
chunk,chk_cef95dc37ad37795,source_id,"""src_e6e72128b88fbb96"""
chunk,chk_cff0d85e525a45eb,source_id,"""src_08a98da9096965b2"""
chunk,chk_cff0d85e525a45eb,metadata.citation_repair,
chunk,chk_cff0d85e525a45eb,metadata.verified_title,"""Participants' perceptions of dimensions of the therapeutic alliance over the course of therapy."""
chunk,chk_d0852c119fbee34f,source_id,"""src_855ee690476fc86f"""
chunk,chk_d0852c119fbee34f,metadata.citation_repair,
chunk,chk_d0852c119fbee34f,metadata.verified_title,"""The stereospecific interaction between chlorophylls and chlorophyllase. Possible implication for chlorophyll biosynthesis and degradation."""
chunk,chk_d0ada02997616599,source_id,"""src_fcff03b8ec1e918b"""
chunk,chk_d0b1a1719b2adf46,source_id,"""src_8b3d239425a3f9b5"""
chunk,chk_d363baf13fd04796,source_id,"""src_854b2c2f7f82ea9e"""
chunk,chk_d3741e7f887d838b,source_id,"""src_48f15047e720c652"""
chunk,chk_d3741e7f887d838b,metadata.citation_repair,
chunk,chk_d3741e7f887d838b,metadata.verified_title,"""Primary leptomeningeal glioma: ultrastructural and laminin immunohistochemical studies."""
chunk,chk_d3da633b08dcb2d6,source_id,"""src_2d63a905739f6a14"""
chunk,chk_d4014b86bbf576f7,source_id,"""src_89e59b9cf280f102"""
chunk,chk_d46c89eb071947bd,source_id,"""src_c4b46cb1f0db8c97"""
chunk,chk_d46c89eb071947bd,metadata.citation_repair,
chunk,chk_d46c89eb071947bd,metadata.verified_title,"""Chronic pain in the classroom: teachers' attributions about the causes of chronic pain."""
chunk,chk_d529747cf0c9b456,source_id,"""src_c37f8d20faa0de0b"""
chunk,chk_d529747cf0c9b456,metadata.citation_repair,
chunk,chk_d529747cf0c9b456,metadata.verified_title,"""Estradiol modulation of plasminogen activator production in organ cultures of human breast carcinomas: correlation with clinical outcome of anti-estrogen therapy."""
chunk,chk_d5498bfaba228221,source_id,"""src_1a9398027142fdcb"""
chunk,chk_d6f460fd50b3d160,source_id,"""src_1bd38536cbb6f470"""
chunk,chk_d808c87759076666,metadata.authority_tier,4
chunk,chk_d86c125d8daaa61c,source_id,"""src_89e59b9cf280f102"""
chunk,chk_d8845034c228fc96,source_id,"""src_dc9277073f553443"""
chunk,chk_d8a49a0ab417614f,source_id,"""src_05b97418e93ee4c8"""
chunk,chk_dab6e05f3a87f05c,source_id,"""src_56037c59eb7db7d9"""
chunk,chk_dd082f359edda84c,metadata.authority_tier,4
chunk,chk_dd082f359edda84c,metadata.evidence_tier,"""EXPERIMENTAL"""
chunk,chk_dd4663efcafeecc8,source_id,"""src_89e59b9cf280f102"""
chunk,chk_dd722552e18fe1b6,source_id,"""src_3e555ea54c0d0758"""
chunk,chk_dd722552e18fe1b6,metadata.citation_repair,
chunk,chk_dd722552e18fe1b6,metadata.verified_title,"""Characterization of pregnancy-associated plasma protein-A: comparison with alpha 2-macroglobulin."""
chunk,chk_e03be0d5ba3432e2,source_id,"""src_9b8580cf92f1f6fc"""
chunk,chk_e03be0d5ba3432e2,metadata.citation_repair,
chunk,chk_e03be0d5ba3432e2,metadata.verified_title,"""[Prevalence of hereditary diseases in three-year-old Swiss Warmblood horses]."""
chunk,chk_e1096ae2ee7f8fa2,metadata.authority_tier,3
chunk,chk_e14c73950bcdd2e1,source_id,"""src_5cdafb754e8ca385"""
chunk,chk_e278db295d6802bd,source_id,"""src_e6e72128b88fbb96"""
chunk,chk_e5a7a177aa742e86,source_id,"""src_b9547877534ee61f"""
chunk,chk_e69f05ad83a64483,source_id,"""src_42a0c335bca19252"""
chunk,chk_e69f05ad83a64483,metadata.citation_repair,
chunk,chk_e69f05ad83a64483,metadata.verified_title,"""The in vivo study of cardiac mechano-electric and mechano-mechanical coupling during heart development in zebrafish."""
chunk,chk_e6d529457f7c91e0,source_id,"""src_f12b05a1a8657ab9"""
chunk,chk_e78da83aed38834b,source_id,"""src_211dcf9db38440b5"""
chunk,chk_e78da83aed38834b,metadata.citation_repair,
chunk,chk_e78da83aed38834b,metadata.verified_title,"""[An outstanding internist and medical historian (On the seventy-fifth anniversary of the birth and the fiftieth anniversary of medical, scientific pedagogic and social activity of L. A. Oganesiana)]."""
chunk,chk_e7a253011ac8f9b2,source_id,"""src_554b38a51bf33642"""
chunk,chk_e8f37844318c2299,source_id,"""src_6be5ebf671472949"""
chunk,chk_e8f37844318c2299,metadata.authority_tier,3
chunk,chk_e8f52b0b9ce9f9e4,source_id,"""src_1369cc003497a7dc"""
chunk,chk_e8f52b0b9ce9f9e4,metadata.citation_repair,
chunk,chk_e8f52b0b9ce9f9e4,metadata.verified_title,"""CO2 laser anterior turbinectomy in the treatment of non-allergic vasomotor rhinopathia. A prospective study upon 78 patients."""
chunk,chk_ead074eaf2a100d8,source_id,"""src_d09d5ea01fabf897"""
chunk,chk_ead074eaf2a100d8,metadata.citation_repair,
chunk,chk_ead074eaf2a100d8,metadata.verified_title,"""Genes for Drosophila small heat shock proteins are regulated differently by ecdysterone."""
chunk,chk_ebec01eb9923f2df,source_id,"""src_669d131a78cdd0a1"""
chunk,chk_ed3ca1a0b9889c19,source_id,"""src_edd8315aadf1427c"""
chunk,chk_ed3ca1a0b9889c19,metadata.citation_repair,
chunk,chk_ed3ca1a0b9889c19,metadata.verified_title,"""A novel, non-nucleoside inhibitor of HIV-1 reverse transcriptase."""
chunk,chk_ede9cb9b3477699b,source_id,"""src_af18abb99437e0e7"""
chunk,chk_ede9cb9b3477699b,metadata.citation_repair,
chunk,chk_ede9cb9b3477699b,metadata.verified_title,"""Fetal ST segment heart rate analysis in labor: improvement of intervention criteria using interpolated base deficit."""
chunk,chk_ee5caaea22500b15,source_id,"""src_e5f2629cd452bbe3"""
chunk,chk_ee5caaea22500b15,metadata.citation_repair,
chunk,chk_ee5caaea22500b15,metadata.verified_title,"""The long-term hydriding and dehydriding stability of the nanoscale LiNH2+LiH hydrogen storage system."""
chunk,chk_ef8f2adc861c4791,source_id,"""src_f15da6589ac8fce3"""
chunk,chk_efd01312fc75fbe3,source_id,"""src_cb4a399b7a18e834"""
chunk,chk_efd01312fc75fbe3,metadata.citation_repair,
chunk,chk_efd01312fc75fbe3,metadata.verified_title,"""Partners in health? Exploring resemblance in health between partners in married and cohabiting couples."""
chunk,chk_f140b82e6b6f6adf,source_id,"""src_888ad02d93c5e0f4"""
chunk,chk_f435b79805d5df3d,source_id,"""src_669d131a78cdd0a1"""
chunk,chk_f4cf693a55fe0315,source_id,"""src_00ca4b7bd265e287"""
chunk,chk_f61befee6746cb9d,source_id,"""src_e5f2629cd452bbe3"""
chunk,chk_f61befee6746cb9d,metadata.citation_repair,
chunk,chk_f61befee6746cb9d,metadata.verified_title,"""The long-term hydriding and dehydriding stability of the nanoscale LiNH2+LiH hydrogen storage system."""
chunk,chk_f63c9be2e087deb2,source_id,"""src_9b8580cf92f1f6fc"""
chunk,chk_f63c9be2e087deb2,metadata.citation_repair,
chunk,chk_f63c9be2e087deb2,metadata.verified_title,"""[Prevalence of hereditary diseases in three-year-old Swiss Warmblood horses]."""
chunk,chk_f6aad1788fe4e786,source_id,"""src_df6ef82263ec60d2"""
chunk,chk_f6aad1788fe4e786,metadata.citation_repair,
chunk,chk_f6aad1788fe4e786,metadata.verified_title,"""Evolving spectrum of mortality and morbidity in SLE."""
chunk,chk_f88daa443b2ec260,source_id,"""src_c72976b03e995af5"""
chunk,chk_f88daa443b2ec260,metadata.citation_repair,
chunk,chk_f88daa443b2ec260,metadata.verified_title,"""Analysis of the pancreatic-ribonuclease-digestion products of alfalfa-mosaic-virus ribonucleic acid. Sequence homologies between the different RNAs."""
chunk,chk_f91cd59d4d3a2dfe,source_id,"""src_888ad02d93c5e0f4"""
chunk,chk_fca6ceac0c5f0326,source_id,"""src_1a9398027142fdcb"""
chunk,chk_fd1f4dcdd388f2b5,metadata.authority_tier,2
chunk,chk_fd5e63885c492478,source_id,"""src_f733eec74a878065"""
chunk,chk_fddfa1e51c926d5c,source_id,"""src_89e59b9cf280f102"""
chunk,chk_fe94493a26b72469,source_id,"""src_b9547877534ee61f"""
chunk,chk_ff091bb40b276bb8,source_id,"""src_8499f9ae2c574ece"""
chunk,chk_fff8b01b836b254b,source_id,"""src_4b3d9fb41973b614"""
